1e-05,3.24495471649451e-77
0.00101,0.40146021425981
0.00201,0.174944590805939
0.00301,0.0873915112258705
0.00401,0.0512960230661534
0.00501,0.0334981679832238
0.00601,0.0235232484828723
0.00701,0.0174005748131253
0.00801,0.0133821499118578
0.00901,0.0106064843162496
0.01001,0.00861060797157986
0.01101,0.00712819723359648
0.01201,0.00599742544432535
0.01301,0.00511543895253503
0.01401,0.00441436400202133
0.01501,0.00384796151745056
0.01601,0.00338385870922524
0.01701,0.00299884735884949
0.01801,0.0026759405823304
0.01901,0.00240247528651757
0.02001,0.00216885661475679
0.02101,0.00196770782582657
0.02201,0.00179328277793475
0.02301,0.00164105248958275
0.02401,0.00150740966576295
0.02501,0.00138945498726451
0.02601,0.00128484152541387
0.02701,0.00119166177673341
0.02801,0.00110836718519585
0.02901,0.00103371360930891
0.03001,0.000966728574649139
0.03101,0.000906697681418902
0.03201,0.000853168437605837
0.03301,0.000805970220755072
0.03401,0.000765249159636897
0.03501,0.00073151657663275
0.03601,0.000705709335162698
0.03701,0.000689260074867248
0.03801,0.000684174958405732
0.03901,0.000693116250807926
0.04001,0.000719486842837883
0.04101,0.000767513735874299
0.04201,0.000842327535329284
0.04301,0.00095003514863701
0.04401,0.0010977831391575
0.04501,0.00129380952945189
0.04601,0.0015474822532301
0.04701,0.00186932290064955
0.04801,0.00227101486317553
0.04901,0.00276539544078579
0.05001,0.00336643190801423
0.05101,0.00408918193199639
0.05201,0.00494973908496783
0.05301,0.00596516448894406
0.05401,0.00715340586829909
0.05501,0.00853320546626541
0.05601,0.0101239984059591
0.05701,0.011945803149158
0.05801,0.0140191057317829
0.05901,0.0163647394397353
0.06001,0.0190037615387251
0.06101,0.0219573285933548
0.06201,0.0252465718102179
0.06301,0.0288924737229305
0.06401,0.0329157474091564
0.06501,0.0373367192954975
0.06601,0.0421752164696748
0.06701,0.0474504592841059
0.06801,0.0531809599035816
0.06901,0.0593844273244124
0.07001,0.0660776792748016
0.07101,0.0732765612974347
0.07201,0.0809958732160876
0.07301,0.089249303098799
0.07401,0.0980493687508931
0.07501,0.107407366701698
0.07601,0.117333328588818
0.07701,0.127835984792749
0.07801,0.138922735131932
0.07901,0.150599626393242
0.08001,0.162871336444794
0.08101,0.175741164656051
0.08201,0.189211028333795
0.08301,0.20328146487096
0.08401,0.217951639297877
0.08501,0.233219356921607
0.08601,0.24908108073814
0.08701,0.26553195330381
0.08801,0.282565822755824
0.08901,0.300175272677046
0.09001,0.318351655506526
0.09101,0.337085129204701
0.09201,0.356364696890197
0.09301,0.376178249173675
0.09401,0.39651260892297
0.09501,0.417353578202654
0.09601,0.438685987140114
0.09701,0.460493744479113
0.09801,0.482759889590515
0.09901,0.505466645718452
0.10001,0.528595474248545
0.10101,0.552127129792993
0.10201,0.576041715895236
0.10301,0.600318741164677
0.10401,0.624937175659498
0.10501,0.649875507342974
0.10601,0.675111798445964
0.10701,0.70062374157534
0.10801,0.726388715415199
0.10901,0.752383839874626
0.11001,0.778586030542704
0.11101,0.804972052318381
0.11201,0.831518572089654
0.11301,0.858202210343481
0.11401,0.884999591594689
0.11501,0.911887393529158
0.11601,0.938842394763507
0.11701,0.965841521130536
0.11801,0.992861890406755
0.11901,1.01988085540541
0.12001,1.04687604536549
0.12101,1.0738254055744
0.12201,1.10070723516898
0.12301,1.12750022306681
0.12401,1.15418348198661
0.12501,1.18073658052373
0.12601,1.20713957325349
0.12701,1.23337302884216
0.12801,1.25941805615185
0.12901,1.28525632833238
0.13001,1.31087010489943
0.13101,1.33624225180464
0.13201,1.3613562595093
0.13301,1.38619625907903
0.13401,1.41074703632253
0.13501,1.43499404400273
0.13601,1.45892341215355
0.13701,1.48252195654068
0.13801,1.50577718530861
0.13901,1.52867730386084
0.14001,1.55121121802366
0.14101,1.57336853554768
0.14201,1.59513956600404
0.14301,1.61651531913564
0.14401,1.63748750172566
0.14501,1.65804851304826
0.14601,1.6781914389679
0.14701,1.69791004475547
0.14801,1.71719876669039
0.14901,1.73605270251897
0.15001,1.7544676008398
0.15101,1.77243984948722
0.15201,1.78996646298396
0.15301,1.80704506913397
0.15401,1.82367389482565
0.15501,1.83985175111527
0.15601,1.85557801765925
0.15701,1.87085262656284
0.15801,1.88567604571136
0.15901,1.90004926164877
0.16001,1.91397376206642
0.16101,1.9274515179632
0.16201,1.94048496553615
0.16301,1.95307698785876
0.16401,1.96523089640171
0.16501,1.97695041244882
0.16601,1.98823964845834
0.16701,1.99910308941776
0.16801,2.00954557423733
0.16901,2.01957227722549
0.17001,2.02918868968677
0.17101,2.03840060168011
0.17201,2.04721408397334
0.17301,2.05563547022677
0.17401,2.06367133943681
0.17501,2.07132849866776
0.17601,2.07861396609775
0.17701,2.0855349544025
0.17801,2.09209885449823
0.17901,2.09831321966298
0.18001,2.10418575005335
0.18101,2.1097242776316
0.18201,2.11493675151634
0.18301,2.1198312237677
0.18401,2.12441583561646
0.18501,2.12869880414453
0.18601,2.13268840942294
0.18701,2.13639298211131
0.18801,2.13982089152199
0.18901,2.14298053415004
0.19001,2.14588032266939
0.19101,2.14852867539379
0.19201,2.15093400620057
0.19301,2.1531047149137
0.19401,2.15504917814175
0.19501,2.15677574056575
0.19601,2.15829270667056
0.19701,2.15960833291317
0.19801,2.16073082032016
0.19901,2.16166830750635
0.20001,2.16242886410577
0.20101,2.16302048460579
0.20201,2.16345108257477
0.20301,2.16372848527312
0.20401,2.16386042863759
0.20501,2.16385455262792
0.20601,2.16371839692522
0.20701,2.16345939697103
0.20801,2.16308488033572
0.20901,2.16260206340537
0.21001,2.1620180483754
0.21101,2.16133982054005
0.21201,2.16057424586612
0.21301,2.15972806883999
0.21401,2.15880791057648
0.21501,2.1578202671788
0.21601,2.15677150833837
0.21701,2.15566787616394
0.21801,2.15451548422924
0.21901,2.15332031682881
0.22001,2.15208822843169
0.22101,2.15082494332308
0.22201,2.1495360554239
0.22301,2.14822702827898
0.22401,2.14690319520436
0.22501,2.1455697595846
0.22601,2.14423179531142
0.22701,2.14289424735492
0.22801,2.14156193245925
0.22901,2.14023953995455
0.23001,2.13893163267748
0.23101,2.13764264799277
0.23201,2.13637689890863
0.23301,2.13513857527897
0.23401,2.13393174508588
0.23501,2.13276035579565
0.23601,2.13162823578253
0.23701,2.13053909581397
0.23801,2.12949653059191
0.23901,2.12850402034454
0.24001,2.12756493246346
0.24101,2.12668252318132
0.24201,2.12585993928512
0.24301,2.1251002198608
0.24401,2.1244062980649
0.24501,2.1237810029191
0.24601,2.12322706112403
0.24701,2.12274709888855
0.24801,2.12234364377123
0.24901,2.12201912653064
0.25001,2.1217758829816
0.25101,2.12161615585438
0.25201,2.12154209665424
0.25301,2.12155576751873
0.25401,2.12165914307053
0.25501,2.12185411226337
0.25601,2.12214248021929
0.25701,2.12252597005506
0.25801,2.12300622469616
0.25901,2.12358480867656
0.26001,2.12426320992287
0.26101,2.12504284152142
0.26201,2.12592504346696
0.26301,2.12691108439189
0.26401,2.12800216327485
0.26501,2.12919941112772
0.26601,2.13050389266032
0.26701,2.13191660792166
0.26801,2.13343849391751
0.26901,2.13507042620318
0.27001,2.1368132204514
0.27101,2.13866763399454
0.27201,2.14063436734084
0.27301,2.14271406566442
0.27401,2.14490732026863
0.27501,2.14721467002264
0.27601,2.149636602771
0.27701,2.15217355671615
0.27801,2.15482592177383
0.27901,2.15759404090114
0.28001,2.16047821139765
0.28101,2.16347868617919
0.28201,2.1665956750248
0.28301,2.16982934579666
0.28401,2.17317982563335
0.28501,2.17664720211656
0.28601,2.18023152441142
0.28701,2.18393280438075
0.28801,2.18775101767352
0.28901,2.19168610478765
0.29001,2.19573797210763
0.29101,2.19990649291715
0.29201,2.20419150838714
0.29301,2.20859282853949
0.29401,2.21311023318696
0.29501,2.21774347284943
0.29601,2.22249226964707
0.29701,2.2273563181707
0.29801,2.23233528632976
0.29901,2.23742881617836
0.30001,2.24263652471969
0.30101,2.2479580046893
0.30201,2.25339282531766
0.30301,2.25894053307233
0.30401,2.26460065238031
0.30501,2.27037268633084
0.30601,2.27625611735915
0.30701,2.28225040791157
0.30801,2.28835500109243
0.30901,2.29456932129313
0.31001,2.30089277480384
0.31101,2.30732475040823
0.31201,2.31386461996162
0.31301,2.32051173895297
0.31401,2.32726544705119
0.31501,2.33412506863597
0.31601,2.3410899133138
0.31701,2.34815927641934
0.31801,2.35533243950265
0.31901,2.3626086708026
0.32001,2.36998722570688
0.32101,2.37746734719902
0.32201,2.38504826629259
0.32301,2.39272920245324
0.32401,2.40050936400869
0.32501,2.40838794854703
0.32601,2.41636414330391
0.32701,2.42443712553865
0.32801,2.43260606289977
0.32901,2.44087011378021
0.33001,2.44922842766262
0.33101,2.45768014545493
0.33201,2.46622439981651
0.33301,2.4748603154754
0.33401,2.48358700953658
0.33501,2.49240359178184
0.33601,2.50130916496139
0.33701,2.51030282507753
0.33801,2.51938366166058
0.33901,2.52855075803743
0.34001,2.53780319159284
0.34101,2.54714003402385
0.34201,2.55656035158739
0.34301,2.56606320534153
0.34401,2.5756476513804
0.34501,2.58531274106306
0.34601,2.59505752123659
0.34701,2.60488103445356
0.34801,2.61478231918403
0.34901,2.62476041002241
0.35001,2.63481433788921
0.35101,2.64494313022798
0.35201,2.65514581119758
0.35301,2.66542140185993
0.35401,2.67576892036342
0.35501,2.68618738212221
0.35601,2.69667579999142
0.35701,2.70723318443853
0.35801,2.71785854371103
0.35901,2.72855088400052
0.36001,2.73930920960331
0.36101,2.7501325230778
0.36201,2.76101982539858
0.36301,2.77197011610758
0.36401,2.78298239346218
0.36501,2.79405565458055
0.36601,2.80518889558427
0.36701,2.8163811117383
0.36801,2.82763129758849
0.36901,2.83893844709666
0.37001,2.85030155377334
0.37101,2.86171961080828
0.37201,2.87319161119887
0.37301,2.88471654787645
0.37401,2.89629341383061
0.37501,2.90792120223167
0.37601,2.91959890655125
0.37701,2.93132552068111
0.37801,2.94310003905027
0.37901,2.95492145674051
0.38001,2.96678876960029
0.38101,2.97870097435714
0.38201,2.99065706872858
0.38301,3.00265605153163
0.38401,3.01469692279096
0.38501,3.02677868384575
0.38601,3.03890033745513
0.38701,3.0510608879026
0.38801,3.06325934109911
0.38901,3.07549470468496
0.39001,3.08776598813065
0.39101,3.10007220283664
0.39201,3.11241236223196
0.39301,3.12478548187185
0.39401,3.13719057953438
0.39501,3.14962667531606
0.39601,3.16209279172651
0.39701,3.17458795378217
0.39801,3.18711118909907
0.39901,3.19966152798476
0.40001,3.21223800352926
0.40101,3.22483965169518
0.40201,3.23746551140697
0.40301,3.25011462463933
0.40401,3.26278603650475
0.40501,3.27547879534021
0.40601,3.28819195279312
0.40701,3.30092456390635
0.40801,3.31367568720251
0.40901,3.32644438476742
0.41001,3.33922972233267
0.41101,3.3520307693576
0.41201,3.36484659911023
0.41301,3.37767628874753
0.41401,3.39051891939486
0.41501,3.40337357622464
0.41601,3.4162393485341
0.41701,3.42911532982241
0.41801,3.44200061786682
0.41901,3.45489431479809
0.42001,3.4677955271751
0.42101,3.4807033660586
0.42201,3.49361694708415
0.42301,3.50653539053424
0.42401,3.51945782140958
0.42501,3.53238336949947
0.42601,3.54531116945147
0.42701,3.55824036084004
0.42801,3.57117008823445
0.42901,3.58409950126573
0.43001,3.59702775469277
0.43101,3.60995400846758
0.43201,3.62287742779953
0.43301,3.63579718321885
0.43401,3.64871245063902
0.43501,3.66162241141844
0.43601,3.67452625242102
0.43701,3.68742316607587
0.43801,3.7003123504361
0.43901,3.71319300923654
0.44001,3.72606435195063
0.44101,3.73892559384625
0.44201,3.75177595604055
0.44301,3.76461466555386
0.44401,3.77744095536254
0.44501,3.79025406445085
0.44601,3.80305323786175
0.44701,3.81583772674675
0.44801,3.82860678841468
0.44901,3.8413596863794
0.45001,3.85409569040649
0.45101,3.86681407655886
0.45201,3.87951412724133
0.45301,3.8921951312441
0.45401,3.90485638378512
0.45501,3.91749718655142
0.45601,3.93011684773938
0.45701,3.94271468209377
0.45801,3.95529001094578
0.45901,3.96784216224998
0.46001,3.98037047062006
0.46101,3.99287427736345
0.46201,4.00535293051497
0.46301,4.01780578486913
0.46401,4.03023220201146
0.46501,4.04263155034862
0.46601,4.05500320513739
0.46701,4.06734654851253
0.46801,4.07966096951345
0.46901,4.09194586410978
0.47001,4.10420063522575
0.47101,4.11642469276343
0.47201,4.12861745362481
0.47301,4.14077834173272
0.47401,4.1529067880506
0.47501,4.16500223060111
0.47601,4.17706411448358
0.47701,4.18909189189028
0.47801,4.20108502212158
0.47901,4.21304297159993
0.48001,4.22496521388263
0.48101,4.23685122967356
0.48201,4.24870050683368
0.48301,4.26051254039036
0.48401,4.27228683254565
0.48501,4.28402289268334
0.48601,4.29572023737488
0.48701,4.30737839038422
0.48801,4.31899688267146
0.48901,4.33057525239539
0.49001,4.3421130449149
0.49101,4.35360981278935
0.49201,4.36506511577768
0.49301,4.37647852083657
0.49401,4.38784960211734
0.49501,4.39917794096196
0.49601,4.41046312589776
0.49701,4.4217047526312
0.49801,4.43290242404052
0.49901,4.44405575016735
0.50001,4.4551643482072
0.50101,4.46622784249901
0.50201,4.47724586451354
0.50301,4.48821805284082
0.50401,4.49914405317652
0.50501,4.51002351830736
0.50601,4.52085610809547
0.50701,4.53164148946176
0.50801,4.54237933636837
0.50901,4.55306932980004
0.51001,4.56371115774461
0.51101,4.57430451517254
0.51201,4.58484910401546
0.51301,4.59534463314383
0.51401,4.60579081834364
0.51501,4.61618738229228
0.51601,4.62653405453341
0.51701,4.63683057145102
0.51801,4.64707667624263
0.51901,4.65727211889153
0.52001,4.66741665613836
0.52101,4.67751005145159
0.52201,4.68755207499749
0.52301,4.69754250360901
0.52401,4.70748112075405
0.52501,4.71736771650291
0.52601,4.72720208749486
0.52701,4.73698403690416
0.52801,4.74671337440513
0.52901,4.75638991613665
0.53001,4.76601348466585
0.53101,4.77558390895115
0.53201,4.78510102430458
0.53301,4.79456467235348
0.53401,4.80397470100148
0.53501,4.81333096438887
0.53601,4.82263332285237
0.53701,4.83188164288417
0.53801,4.84107579709056
0.53901,4.85021566414978
0.54001,4.85930112876942
0.54101,4.8683320816432
0.54201,4.8773084194073
0.54301,4.88623004459596
0.54401,4.89509686559685
0.54501,4.90390879660571
0.54601,4.91266575758057
0.54701,4.92136767419554
0.54801,4.93001447779417
0.54901,4.93860610534219
0.55001,4.94714249938005
0.55101,4.95562360797494
0.55201,4.96404938467236
0.55301,4.97241978844739
0.55401,4.98073478365559
0.55501,4.98899433998346
0.55601,4.99719843239866
0.55701,5.00534704109984
0.55801,5.01344015146614
0.55901,5.0214777540065
0.56001,5.02945984430854
0.56101,5.03738642298723
0.56201,5.04525749563335
0.56301,5.05307307276164
0.56401,5.06083316975873
0.56501,5.06853780683088
0.56601,5.07618700895149
0.56701,5.08378080580841
0.56801,5.09131923175114
0.56901,5.09880232573773
0.57001,5.10623013128171
0.57101,5.11360269639871
0.57201,5.12092007355305
0.57301,5.1281823196042
0.57401,5.13538949575312
0.57501,5.14254166748854
0.57601,5.14963890453312
0.57701,5.15668128078958
0.57801,5.1636688742868
0.57901,5.17060176712579
0.58001,5.17748004542572
0.58101,5.18430379926992
0.58201,5.1910731226518
0.58301,5.19778811342088
0.58401,5.20444887322877
0.58501,5.21105550747516
0.58601,5.21760812525393
0.58701,5.2241068392992
0.58801,5.23055176593156
0.58901,5.23694302500425
0.59001,5.2432807398495
0.59101,5.24956503722494
0.59201,5.25579604726008
0.59301,5.26197390340293
0.59401,5.26809874236675
0.59501,5.27417070407688
0.59601,5.28018993161774
0.59701,5.28615657117998
0.59801,5.29207077200779
0.59901,5.2979326863463
0.60001,5.30374246938929
0.60101,5.30950027922694
0.60201,5.31520627679385
0.60301,5.32086062581723
0.60401,5.32646349276536
0.60501,5.3320150467961
0.60601,5.33751545970579
0.60701,5.34296490587832
0.60801,5.34836356223438
0.60901,5.35371160818103
0.61001,5.3590092255615
0.61101,5.36425659860517
0.61201,5.36945391387792
0.61301,5.37460136023271
0.61401,5.37969912876042
0.61501,5.38474741274092
0.61601,5.38974640759454
0.61701,5.39469631083378
0.61801,5.39959732201526
0.61901,5.4044496426921
0.62001,5.40925347636643
0.62101,5.41400902844242
0.62201,5.41871650617946
0.62301,5.4233761186458
0.62401,5.4279880766723
0.62501,5.43255259280685
0.62601,5.43706988126878
0.62701,5.44154015790386
0.62801,5.44596364013952
0.62901,5.45034054694041
0.63001,5.45467109876443
0.63101,5.458955517519
0.63201,5.4631940265177
0.63301,5.46738685043736
0.63401,5.4715342152754
0.63501,5.47563634830763
0.63601,5.47969347804641
0.63701,5.48370583419906
0.63801,5.48767364762691
0.63901,5.49159715030439
0.64001,5.49547657527886
0.64101,5.49931215663049
0.64201,5.50310412943279
0.64301,5.50685272971335
0.64401,5.51055819441509
0.64501,5.51422076135783
0.64601,5.51784066920023
0.64701,5.52141815740229
0.64801,5.52495346618797
0.64901,5.52844683650849
0.65001,5.53189851000583
0.65101,5.53530872897674
0.65201,5.53867773633706
0.65301,5.54200577558655
0.65401,5.54529309077402
0.65501,5.54853992646292
0.65601,5.55174652769733
0.65701,5.55491313996827
0.65801,5.55804000918062
0.65901,5.56112738162015
0.66001,5.56417550392119
0.66101,5.56718462303467
0.66201,5.57015498619636
0.66301,5.57308684089586
0.66401,5.57598043484562
0.66501,5.57883601595068
0.66601,5.58165383227857
0.66701,5.58443413202977
0.66801,5.58717716350852
0.66901,5.58988317509398
0.67001,5.59255241521185
0.67101,5.59518513230635
0.67201,5.59778157481268
0.67301,5.60034199112971
0.67401,5.60286662959322
0.67501,5.60535573844947
0.67601,5.60780956582917
0.67701,5.6102283597218
0.67801,5.61261236795043
0.67901,5.61496183814675
0.68001,5.61727701772668
0.68101,5.6195581538662
0.68201,5.6218054934777
0.68301,5.62401928318659
0.68401,5.62619976930837
0.68501,5.62834719782604
0.68601,5.63046181436787
0.68701,5.63254386418562
0.68801,5.63459359213305
0.68901,5.63661124264479
0.69001,5.63859705971566
0.69101,5.64055128688033
0.69201,5.6424741671932
0.69301,5.6443659432089
0.69401,5.64622685696292
0.69501,5.64805714995272
0.69601,5.64985706311911
0.69701,5.65162683682806
0.69801,5.65336671085286
0.69901,5.65507692435646
0.70001,5.65675771587447
0.70101,5.65840932329808
0.70201,5.66003198385779
0.70301,5.66162593410703
0.70401,5.66319140990646
0.70501,5.66472864640836
0.70601,5.66623787804152
0.70701,5.66771933849633
0.70801,5.66917326071024
0.70901,5.67059987685357
0.71001,5.67199941831559
0.71101,5.67337211569092
0.71201,5.67471819876621
0.71301,5.67603789650733
0.71401,5.67733143704645
0.71501,5.67859904766994
0.71601,5.67984095480604
0.71701,5.68105738401334
0.71801,5.68224855996913
0.71901,5.68341470645826
0.72001,5.68455604636231
0.72101,5.68567280164886
0.72201,5.68676519336124
0.72301,5.68783344160848
0.72401,5.68887776555543
0.72501,5.68989838341342
0.72601,5.6908955124309
0.72701,5.69186936888451
0.72801,5.69282016807037
0.72901,5.69374812429567
0.73001,5.69465345087041
0.73101,5.69553636009957
0.73201,5.69639706327539
0.73301,5.69723577066989
0.73401,5.69805269152777
0.73501,5.69884803405945
0.73601,5.6996220054343
0.73701,5.70037481177432
0.73801,5.70110665814776
0.73901,5.70181774856327
0.74001,5.702508285964
0.74101,5.70317847222219
0.74201,5.70382850813372
0.74301,5.70445859341313
0.74401,5.70506892668869
0.74501,5.70565970549769
0.74601,5.7062311262821
0.74701,5.7067833843842
0.74801,5.70731667404262
0.74901,5.70783118838845
0.75001,5.70832711944168
0.75101,5.70880465810764
0.75201,5.70926399417388
0.75301,5.70970531630701
0.75401,5.7101288120499
0.75501,5.710534667819
0.75601,5.71092306890178
0.75701,5.71129419945444
0.75801,5.71164824249982
0.75901,5.71198537992541
0.76001,5.7123057924815
0.76101,5.71260965977963
0.76201,5.7128971602911
0.76301,5.71316847134571
0.76401,5.71342376913057
0.76501,5.7136632286892
0.76601,5.71388702392066
0.76701,5.71409532757892
0.76801,5.71428831127238
0.76901,5.71446614546342
0.77001,5.71462899946827
0.77101,5.71477704145691
0.77201,5.71491043845317
0.77301,5.71502935633489
0.77401,5.71513395983431
0.77501,5.71522441253856
0.77601,5.71530087689019
0.77701,5.71536351418802
0.77801,5.715412484588
0.77901,5.71544794710409
0.78001,5.71547005960956
0.78101,5.71547897883803
0.78201,5.71547486038499
0.78301,5.71545785870917
0.78401,5.7154281271342
0.78501,5.71538581785021
0.78601,5.71533108191573
0.78701,5.71526406925954
0.78801,5.71518492868272
0.78901,5.71509380786078
0.79001,5.7149908533458
0.79101,5.71487621056885
0.79201,5.71475002384233
0.79301,5.71461243636254
0.79401,5.71446359021221
0.79501,5.71430362636323
0.79601,5.71413268467946
0.79701,5.71395090391956
0.79801,5.71375842173991
0.79901,5.71355537469769
0.80001,5.71334189825397
0.80101,5.71311812677695
0.80201,5.71288419354515
0.80301,5.7126402307508
0.80401,5.71238636950327
0.80501,5.7121227398325
0.80601,5.71184947069264
0.80701,5.71156668996564
0.80801,5.71127452446488
0.80901,5.71097309993908
0.81001,5.71066254107593
0.81101,5.71034297150613
0.81201,5.71001451380726
0.81301,5.70967728950777
0.81401,5.70933141909111
0.81501,5.7089770219997
0.81601,5.70861421663929
0.81701,5.70824312038297
0.81801,5.7078638495756
0.81901,5.70747651953805
0.82001,5.70708124457157
0.82101,5.70667813796218
0.82201,5.70626731198519
0.82301,5.70584887790964
0.82401,5.70542294600284
0.82501,5.70498962553496
0.82601,5.70454902478367
0.82701,5.70410125103874
0.82801,5.70364641060681
0.82901,5.70318460881604
0.83001,5.70271595002088
0.83101,5.70224053760695
0.83201,5.70175847399574
0.83301,5.70126986064957
0.83401,5.70077479807639
0.83501,5.70027338583474
0.83601,5.69976572253868
0.83701,5.69925190586274
0.83801,5.69873203254691
0.83901,5.69820619840168
0.84001,5.69767449831302
0.84101,5.69713702624747
0.84201,5.69659387525722
0.84301,5.69604513748515
0.84401,5.69549090416999
0.84501,5.69493126565144
0.84601,5.69436631137533
0.84701,5.69379612989869
0.84801,5.69322080889503
0.84901,5.69264043515948
0.85001,5.69205509461394
0.85101,5.69146487231237
0.85201,5.69086985244597
0.85301,5.69027011834841
0.85401,5.68966575250103
0.85501,5.68905683653816
0.85601,5.6884434512523
0.85701,5.68782567659941
0.85801,5.68720359170417
0.85901,5.68657727486527
0.86001,5.68594680356057
0.86101,5.68531225445253
0.86201,5.68467370339339
0.86301,5.68403122543046
0.86401,5.68338489481141
0.86501,5.68273478498951
0.86601,5.682080968629
0.86701,5.68142351761023
0.86801,5.68076250303508
0.86901,5.68009799523208
0.87001,5.67943006376182
0.87101,5.67875877742209
0.87201,5.67808420425321
0.87301,5.67740641154333
0.87401,5.67672546583351
0.87501,5.67604143292318
0.87601,5.67535437787518
0.87701,5.67466436502111
0.87801,5.67397145796652
0.87901,5.67327571959607
0.88001,5.67257721207883
0.88101,5.67187599687336
0.88201,5.67117213473302
0.88301,5.670465685711
0.88401,5.66975670916562
0.88501,5.66904526376538
0.88601,5.66833140749411
0.88701,5.6676151976562
0.88801,5.66689669088156
0.88901,5.66617594313082
0.89001,5.66545300970038
0.89101,5.66472794522755
0.89201,5.66400080369545
0.89301,5.66327163843824
0.89401,5.66254050214605
0.89501,5.66180744687001
0.89601,5.66107252402722
0.89701,5.66033578440581
0.89801,5.6595972781698
0.89901,5.65885705486415
0.90001,5.65811516341963
0.90101,5.65737165215778
0.90201,5.65662656879572
0.90301,5.65587996045113
0.90401,5.65513187364707
0.90501,5.65438235431679
0.90601,5.65363144780863
0.90701,5.65287919889073
0.90801,5.65212565175591
0.90901,5.65137085002634
0.91001,5.65061483675842
0.91101,5.64985765444732
0.91201,5.64909934503187
0.91301,5.64833994989909
0.91401,5.64757950988903
0.91501,5.64681806529921
0.91601,5.64605565588944
0.91701,5.64529232088624
0.91801,5.64452809898759
0.91901,5.64376302836737
0.92001,5.64299714667994
0.92101,5.64223049106467
0.92201,5.6414630981504
0.92301,5.64069500405996
0.92401,5.63992624441457
0.92501,5.63915685433826
0.92601,5.63838686846237
0.92701,5.63761632092979
0.92801,5.63684524539948
0.92901,5.63607367505063
0.93001,5.63530164258714
0.93101,5.63452918024179
0.93201,5.63375631978055
0.93301,5.63298309250689
0.93401,5.63220952926585
0.93501,5.63143566044839
0.93601,5.63066151599549
0.93701,5.62988712540228
0.93801,5.62911251772222
0.93901,5.62833772157118
0.94001,5.62756276513152
0.94101,5.62678767615613
0.94201,5.62601248197253
0.94301,5.62523720948673
0.94401,5.62446188518738
0.94501,5.62368653514965
0.94601,5.62291118503919
0.94701,5.622135860116
0.94801,5.62136058523832
0.94901,5.62058538486657
0.95001,5.61981028306713
0.95101,5.61903530351612
0.95201,5.61826046950333
0.95301,5.6174858039358
0.95401,5.61671132934169
0.95501,5.615937067874
0.95601,5.61516304131418
0.95701,5.61438927107588
0.95801,5.61361577820859
0.95901,5.61284258340119
0.96001,5.61206970698566
0.96101,5.61129716894057
0.96201,5.61052498889466
0.96301,5.60975318613035
0.96401,5.60898177958734
0.96501,5.60821078786587
0.96601,5.60744022923043
0.96701,5.60667012161302
0.96801,5.60590048261663
0.96901,5.60513132951861
0.97001,5.60436267927401
0.97101,5.60359454851892
0.97201,5.60282695357384
0.97301,5.6020599104469
0.97401,5.60129343483713
0.97501,5.60052754213775
0.97601,5.59976224743934
0.97701,5.59899756553307
0.97801,5.59823351091385
0.97901,5.59747009778349
0.98001,5.59670734005383
0.98101,5.59594525134982
0.98201,5.59518384501259
0.98301,5.59442313410262
0.98401,5.59366313140257
0.98501,5.59290384942048
0.98601,5.59214530039262
0.98701,5.59138749628661
0.98801,5.59063044880417
0.98901,5.58987416938421
0.99001,5.58911866920561
0.99101,5.58836395919019
0.99201,5.58761005000547
0.99301,5.58685695206757
0.99401,5.58610467554399
0.99501,5.5853532303564
0.99601,5.58460262618341
0.99701,5.58385287246329
0.99801,5.58310397839675
0.99901,5.58235595294957
1.00001,5.58160880485527
1.00101,5.5808625426179
1.00201,5.58011717451448
1.00301,5.57937270859775
1.00401,5.57862915269876
1.00501,5.57788651442933
1.00601,5.57714480118473
1.00701,5.57640402014615
1.00801,5.57566417828315
1.00901,5.57492528235634
1.01001,5.57418733891954
1.01101,5.57345035432257
1.01201,5.57271433471341
1.01301,5.57197928604073
1.01401,5.57124521405626
1.01501,5.57051212431715
1.01601,5.56978002218829
1.01701,5.56904891284467
1.01801,5.56831880127367
1.01901,5.56758969227734
1.02001,5.56686159047468
1.02101,5.56613450030395
1.02201,5.56540842602469
1.02301,5.5646833717202
1.02401,5.56395934129951
1.02501,5.56323633849969
1.02601,5.56251436688791
1.02701,5.56179342986363
1.02801,5.56107353066073
1.02901,5.56035467234948
1.03001,5.55963685783877
1.03101,5.55892008987811
1.03201,5.55820437105965
1.03301,5.5574897038202
1.03401,5.55677609044323
1.03501,5.55606353306092
1.03601,5.55535203365607
1.03701,5.55464159406402
1.03801,5.55393221597467
1.03901,5.55322390093436
1.04001,5.55251665034767
1.04101,5.55181046547946
1.04201,5.55110534745664
1.04301,5.55040129727006
1.04401,5.5496983157762
1.04501,5.54899640369924
1.04601,5.54829556163259
1.04701,5.54759579004089
1.04801,5.54689708926155
1.04901,5.5461994595067
1.05001,5.54550290086481
1.05101,5.54480741330241
1.05201,5.54411299666582
1.05301,5.54341965068277
1.05401,5.54272737496417
1.05501,5.54203616900565
1.05601,5.54134603218921
1.05701,5.54065696378495
1.05801,5.5399689629525
1.05901,5.53928202874277
1.06001,5.53859616009936
1.06101,5.53791135586029
1.06201,5.53722761475939
1.06301,5.5365449354279
1.06401,5.53586331639601
1.06501,5.53518275609427
1.06601,5.53450325285511
1.06701,5.53382480491439
1.06801,5.53314741041269
1.06901,5.53247106739691
1.07001,5.53179577382158
1.07101,5.53112152755034
1.07201,5.53044832635729
1.07301,5.52977616792842
1.07401,5.52910504986289
1.07501,5.52843496967456
1.07601,5.5277659247931
1.07701,5.52709791256549
1.07801,5.5264309302573
1.07901,5.52576497505398
1.08001,5.52510004406207
1.08101,5.52443613431062
1.08201,5.52377324275234
1.08301,5.52311136626491
1.08401,5.52245050165217
1.08501,5.5217906456454
1.08601,5.52113179490451
1.08701,5.52047394601916
1.08801,5.51981709551008
1.08901,5.51916123983018
1.09001,5.51850637536567
1.09101,5.51785249843728
1.09201,5.51719960530139
1.09301,5.51654769215107
1.09401,5.51589675511732
1.09501,5.51524679027009
1.09601,5.51459779361941
1.09701,5.51394976111641
1.09801,5.51330268865447
1.09901,5.51265657207023
1.10001,5.51201140714463
1.10101,5.51136718960395
1.10201,5.51072391512088
1.10301,5.51008157931543
1.10401,5.50944017775603
1.10501,5.50879970596048
1.10601,5.50816015939692
1.10701,5.50752153348483
1.10801,5.50688382359593
1.10901,5.5062470250552
1.11001,5.50561113314181
1.11101,5.50497614308995
1.11201,5.50434205008987
1.11301,5.50370884928875
1.11401,5.50307653579155
1.11501,5.50244510466189
1.11601,5.50181455092308
1.11701,5.50118486955876
1.11801,5.50055605551397
1.11901,5.49992810369584
1.12001,5.49930100897449
1.12101,5.49867476618391
1.12201,5.49804937012267
1.12301,5.49742481555481
1.12401,5.49680109721065
1.12501,5.4961782097875
1.12601,5.49555614795056
1.12701,5.49493490633359
1.12801,5.4943144795397
1.12901,5.49369486214218
1.13001,5.49307604868518
1.13101,5.49245803368437
1.13201,5.4918408116279
1.13301,5.4912243769769
1.13401,5.49060872416628
1.13501,5.48999384760548
1.13601,5.48937974167906
1.13701,5.48876640074749
1.13801,5.48815381914781
1.13901,5.48754199119421
1.14001,5.48693091117884
1.14101,5.48632057337237
1.14201,5.48571097202466
1.14301,5.48510210136542
1.14401,5.48449395560481
1.14501,5.48388652893411
1.14601,5.4832798155263
1.14701,5.48267380953669
1.14801,5.48206850510351
1.14901,5.48146389634858
1.15001,5.4808599773777
1.15101,5.4802567422815
1.15201,5.47965418513583
1.15301,5.47905230000237
1.15401,5.47845108092923
1.15501,5.47785052195146
1.15601,5.47725061709157
1.15701,5.47665136036021
1.15801,5.47605274575649
1.15901,5.47545476726873
1.16001,5.47485741887477
1.16101,5.47426069454268
1.16201,5.47366458823111
1.16301,5.47306909388984
1.16401,5.47247420546034
1.16501,5.47187991687619
1.16601,5.47128622206354
1.16701,5.47069311494166
1.16801,5.47010058942337
1.16901,5.46950863941549
1.17001,5.4689172588193
1.17101,5.46832644153102
1.17201,5.46773618144223
1.17301,5.46714647244032
1.17401,5.46655730840893
1.17501,5.46596868322835
1.17601,5.46538059077597
1.17701,5.46479302492671
1.17801,5.46420597955336
1.17901,5.46361944852709
1.18001,5.46303342571771
1.18101,5.46244790499427
1.18201,5.46186288022522
1.18301,5.46127834527899
1.18401,5.46069429402417
1.18501,5.46011072033012
1.18601,5.45952761806711
1.18701,5.45894498110689
1.18801,5.45836280332282
1.18901,5.4577810785905
1.19001,5.45719980078777
1.19101,5.45661896379545
1.19201,5.45603856149739
1.19301,5.45545858778084
1.19401,5.45487903653696
1.19501,5.45429990166087
1.19601,5.45372117705222
1.19701,5.45314285661539
1.19801,5.45256493425978
1.19901,5.45198740390015
1.20001,5.45141025945696
1.20101,5.45083349485659
1.20201,5.45025710403167
1.20301,5.44968108092138
1.20401,5.44910541947175
1.20501,5.44853011363584
1.20601,5.44795515737418
1.20701,5.44738054465488
1.20801,5.446806269454
1.20901,5.4462323257558
1.21001,5.44565870755291
1.21101,5.44508540884673
1.21201,5.4445124236476
1.21301,5.44393974597501
1.21401,5.44336736985794
1.21501,5.44279528933501
1.21601,5.44222349845482
1.21701,5.44165199127602
1.21801,5.44108076186771
1.21901,5.44050980430957
1.22001,5.43993911269215
1.22101,5.43936868111695
1.22201,5.43879850369681
1.22301,5.438228574556
1.22401,5.43765888783046
1.22501,5.43708943766804
1.22601,5.43652021822862
1.22701,5.43595122368442
1.22801,5.43538244822007
1.22901,5.43481388603292
1.23001,5.43424553133311
1.23101,5.43367737834385
1.23201,5.43310942130158
1.23301,5.43254165445605
1.23401,5.43197407207069
1.23501,5.43140666842259
1.23601,5.43083943780277
1.23701,5.43027237451631
1.23801,5.42970547288257
1.23901,5.42913872723525
1.24001,5.42857213192263
1.24101,5.42800568130769
1.24201,5.42743936976825
1.24301,5.4268731916972
1.24401,5.42630714150247
1.24501,5.4257412136074
1.24601,5.42517540245067
1.24701,5.42460970248659
1.24801,5.42404410818516
1.24901,5.42347861403222
1.25001,5.42291321452953
1.25101,5.422347904195
1.25201,5.42178267756276
1.25301,5.42121752918325
1.25401,5.42065245362336
1.25501,5.42008744546661
1.25601,5.41952249931315
1.25701,5.41895760977995
1.25801,5.41839277150092
1.25901,5.41782797912695
1.26001,5.41726322732609
1.26101,5.41669851078358
1.26201,5.416133824202
1.26301,5.41556916230139
1.26401,5.41500451981926
1.26501,5.41443989151077
1.26601,5.41387527214875
1.26701,5.41331065652388
1.26801,5.41274603944467
1.26901,5.41218141573763
1.27001,5.4116167802473
1.27101,5.41105212783641
1.27201,5.4104874533858
1.27301,5.4099227517947
1.27401,5.40935801798064
1.27501,5.40879324687962
1.27601,5.40822843344614
1.27701,5.40766357265327
1.27801,5.40709865949272
1.27901,5.40653368897498
1.28001,5.4059686561292
1.28101,5.40540355600346
1.28201,5.4048383836647
1.28301,5.40427313419882
1.28401,5.40370780271074
1.28501,5.40314238432445
1.28601,5.40257687418304
1.28701,5.40201126744881
1.28801,5.40144555930324
1.28901,5.40087974494712
1.29001,5.40031381960054
1.29101,5.39974777850294
1.29201,5.39918161691322
1.29301,5.39861533010966
1.29401,5.39804891339006
1.29501,5.39748236207178
1.29601,5.3969156714917
1.29701,5.39634883700631
1.29801,5.39578185399176
1.29901,5.39521471784383
1.30001,5.39464742397807
1.30101,5.39407996782968
1.30201,5.39351234485365
1.30301,5.3929445505248
1.30401,5.39237658033769
1.30501,5.3918084298068
1.30601,5.39124009446641
1.30701,5.39067156987069
1.30801,5.39010285159373
1.30901,5.38953393522957
1.31001,5.38896481639214
1.31101,5.38839549071537
1.31201,5.38782595385312
1.31301,5.38725620147934
1.31401,5.38668622928785
1.31501,5.38611603299258
1.31601,5.38554560832746
1.31701,5.38497495104646
1.31801,5.38440405692358
1.31901,5.38383292175291
1.32001,5.38326154134858
1.32101,5.38268991154477
1.32201,5.38211802819573
1.32301,5.38154588717585
1.32401,5.38097348437953
1.32501,5.38040081572124
1.32601,5.37982787713558
1.32701,5.37925466457723
1.32801,5.37868117402084
1.32901,5.37810740146131
1.33001,5.37753334291344
1.33101,5.3769589944122
1.33201,5.37638435201262
1.33301,5.37580941178972
1.33401,5.37523416983861
1.33501,5.37465862227446
1.33601,5.37408276523241
1.33701,5.37350659486765
1.33801,5.37293010735541
1.33901,5.37235329889089
1.34001,5.37177616568927
1.34101,5.3711987039857
1.34201,5.37062091003534
1.34301,5.37004278011319
1.34401,5.3694643105143
1.34501,5.36888549755353
1.34601,5.36830633756573
1.34701,5.36772682690554
1.34801,5.36714696194751
1.34901,5.36656673908601
1.35001,5.36598615473524
1.35101,5.3654052053292
1.35201,5.36482388732165
1.35301,5.36424219718612
1.35401,5.36366013141589
1.35501,5.36307768652391
1.35601,5.36249485904284
1.35701,5.36191164552501
1.35801,5.36132804254236
1.35901,5.36074404668644
1.36001,5.36015965456844
1.36101,5.35957486281899
1.36201,5.35898966808838
1.36301,5.35840406704632
1.36401,5.35781805638202
1.36501,5.35723163280409
1.36601,5.35664479304062
1.36701,5.35605753383903
1.36801,5.35546985196609
1.36901,5.35488174420793
1.37001,5.35429320736991
1.37101,5.35370423827671
1.37201,5.35311483377216
1.37301,5.35252499071931
1.37401,5.35193470600037
1.37501,5.35134397651669
1.37601,5.35075279918864
1.37701,5.35016117095568
1.37801,5.34956908877628
1.37901,5.34897654962788
1.38001,5.34838355050683
1.38101,5.34779008842845
1.38201,5.34719616042684
1.38301,5.34660176355498
1.38401,5.34600689488466
1.38501,5.34541155150635
1.38601,5.34481573052926
1.38701,5.34421942908127
1.38801,5.34362264430887
1.38901,5.3430253733772
1.39001,5.34242761346989
1.39101,5.34182936178906
1.39201,5.34123061555536
1.39301,5.34063137200783
1.39401,5.34003162840384
1.39501,5.33943138201919
1.39601,5.33883063014795
1.39701,5.33822937010239
1.39801,5.33762759921304
1.39901,5.33702531482857
1.40001,5.3364225143158
1.40101,5.3358191950596
1.40201,5.33521535446288
1.40301,5.33461098994651
1.40401,5.33400609894939
1.40501,5.33340067892823
1.40601,5.33279472735758
1.40701,5.33218824172987
1.40801,5.33158121955525
1.40901,5.33097365836158
1.41001,5.33036555569438
1.41101,5.32975690911682
1.41201,5.32914771620959
1.41301,5.32853797457097
1.41401,5.32792768181665
1.41501,5.32731683557977
1.41601,5.32670543351089
1.41701,5.32609347327786
1.41801,5.32548095256583
1.41901,5.32486786907716
1.42001,5.32425422053145
1.42101,5.32364000466537
1.42201,5.32302521923275
1.42301,5.32240986200439
1.42401,5.32179393076816
1.42501,5.32117742332876
1.42601,5.32056033750788
1.42701,5.31994267114402
1.42801,5.31932442209243
1.42901,5.31870558822517
1.43001,5.31808616743092
1.43101,5.31746615761507
1.43201,5.31684555669951
1.43301,5.31622436262275
1.43401,5.31560257333973
1.43501,5.31498018682187
1.43601,5.31435720105693
1.43701,5.31373361404903
1.43801,5.3131094238186
1.43901,5.3124846284022
1.44001,5.31185922585268
1.44101,5.31123321423898
1.44201,5.31060659164606
1.44301,5.30997935617499
1.44401,5.30935150594274
1.44501,5.30872303908221
1.44601,5.30809395374226
1.44701,5.30746424808741
1.44801,5.30683392029805
1.44901,5.30620296857025
1.45001,5.30557139111575
1.45101,5.30493918616185
1.45201,5.30430635195147
1.45301,5.30367288674295
1.45401,5.30303878881017
1.45501,5.30240405644231
1.45601,5.30176868794397
1.45701,5.30113268163503
1.45801,5.3004960358505
1.45901,5.29985874894071
1.46001,5.29922081927108
1.46101,5.29858224522205
1.46201,5.29794302518916
1.46301,5.29730315758286
1.46401,5.29666264082854
1.46501,5.29602147336651
1.46601,5.29537965365181
1.46701,5.29473718015425
1.46801,5.2940940513584
1.46901,5.29345026576344
1.47001,5.29280582188315
1.47101,5.29216071824588
1.47201,5.29151495339448
1.47301,5.29086852588619
1.47401,5.29022143429267
1.47501,5.28957367719991
1.47601,5.28892525320821
1.47701,5.28827616093205
1.47801,5.28762639900009
1.47901,5.28697596605515
1.48001,5.28632486075409
1.48101,5.28567308176779
1.48201,5.28502062778109
1.48301,5.28436749749276
1.48401,5.2837136896154
1.48501,5.28305920287544
1.48601,5.282404036013
1.48701,5.281748187782
1.48801,5.28109165694991
1.48901,5.28043444229785
1.49001,5.27977654262045
1.49101,5.27911795672585
1.49201,5.27845868343559
1.49301,5.27779872158462
1.49401,5.27713807002123
1.49501,5.27647672760695
1.49601,5.27581469321654
1.49701,5.27515196573797
1.49801,5.27448854407227
1.49901,5.27382442713359
1.50001,5.27315961384906
1.50101,5.27249410315883
1.50201,5.27182789401583
1.50301,5.27116098538599
1.50401,5.27049337624795
1.50501,5.26982506559317
1.50601,5.26915605242578
1.50701,5.26848633576254
1.50801,5.26781591463285
1.50901,5.26714478807858
1.51001,5.26647295515422
1.51101,5.26580041492661
1.51201,5.26512716647497
1.51301,5.26445320889092
1.51401,5.26377854127833
1.51501,5.2631031627533
1.51601,5.26242707244417
1.51701,5.26175026949134
1.51801,5.26107275304736
1.51901,5.26039452227674
1.52001,5.25971557635606
1.52101,5.25903591447374
1.52201,5.25835553583015
1.52301,5.25767443963748
1.52401,5.25699262511962
1.52501,5.25631009151231
1.52601,5.25562683806287
1.52701,5.25494286403029
1.52801,5.25425816868515
1.52901,5.2535727513095
1.53001,5.25288661119694
1.53101,5.25219974765242
1.53201,5.25151215999236
1.53301,5.25082384754441
1.53401,5.25013480964758
1.53501,5.24944504565203
1.53601,5.24875455491914
1.53701,5.24806333682145
1.53801,5.2473713907425
1.53901,5.24667871607696
1.54001,5.2459853122304
1.54101,5.24529117861934
1.54201,5.24459631467123
1.54301,5.24390071982429
1.54401,5.24320439352756
1.54501,5.24250733524083
1.54601,5.24180954443453
1.54701,5.24111102058977
1.54801,5.24041176319828
1.54901,5.23971177176228
1.55001,5.23901104579448
1.55101,5.23830958481809
1.55201,5.23760738836671
1.55301,5.23690445598425
1.55401,5.23620078722497
1.55501,5.23549638165336
1.55601,5.23479123884413
1.55701,5.23408535838217
1.55801,5.23337873986247
1.55901,5.23267138289008
1.56001,5.23196328708008
1.56101,5.23125445205754
1.56201,5.23054487745742
1.56301,5.22983456292463
1.56401,5.22912350811385
1.56501,5.22841171268957
1.56601,5.22769917632605
1.56701,5.22698589870718
1.56801,5.22627187952659
1.56901,5.22555711848746
1.57001,5.22484161530251
1.57101,5.22412536969406
1.57201,5.22340838139379
1.57301,5.22269065014287
1.57401,5.22197217569185
1.57501,5.22125295780058
1.57601,5.22053299623822
1.57701,5.21981229078315
1.57801,5.21909084122298
1.57901,5.21836864735448
1.58001,5.21764570898346
1.58101,5.21692202592486
1.58201,5.21619759800264
1.58301,5.21547242504968
1.58401,5.21474650690785
1.58501,5.21401984342789
1.58601,5.21329243446938
1.58701,5.2125642799007
1.58801,5.21183537959898
1.58901,5.21110573345008
1.59001,5.21037534134853
1.59101,5.20964420319746
1.59201,5.20891231890863
1.59301,5.20817968840228
1.59401,5.20744631160723
1.59501,5.20671218846068
1.59601,5.20597731890827
1.59701,5.20524170290403
1.59801,5.20450534041032
1.59901,5.20376823139772
1.60001,5.20303037584514
1.60101,5.20229177373963
1.60201,5.20155242507649
1.60301,5.20081232985902
1.60401,5.20007148809866
1.60501,5.19932989981489
1.60601,5.19858756503517
1.60701,5.19784448379494
1.60801,5.19710065613751
1.60901,5.19635608211409
1.61001,5.19561076178377
1.61101,5.19486469521328
1.61201,5.19411788247726
1.61301,5.19337032365798
1.61401,5.19262201884543
1.61501,5.19187296813714
1.61601,5.19112317163834
1.61701,5.19037262946174
1.61801,5.18962134172755
1.61901,5.1888693085635
1.62001,5.18811653010475
1.62101,5.18736300649379
1.62201,5.18660873788051
1.62301,5.18585372442214
1.62401,5.18509796628312
1.62501,5.18434146363515
1.62601,5.18358421665716
1.62701,5.18282622553518
1.62801,5.18206749046241
1.62901,5.18130801163913
1.63001,5.1805477892726
1.63101,5.1797868235772
1.63201,5.17902511477414
1.63301,5.17826266309167
1.63401,5.17749946876487
1.63501,5.17673553203572
1.63601,5.17597085315296
1.63701,5.17520543237218
1.63801,5.17443926995565
1.63901,5.1736723661724
1.64001,5.17290472129806
1.64101,5.17213633561495
1.64201,5.17136720941199
1.64301,5.17059734298461
1.64401,5.16982673663477
1.64501,5.16905539067098
1.64601,5.16828330540813
1.64701,5.16751048116755
1.64801,5.16673691827696
1.64901,5.16596261707038
1.65001,5.16518757788821
1.65101,5.16441180107702
1.65201,5.16363528698974
1.65301,5.16285803598538
1.65401,5.16208004842917
1.65501,5.16130132469253
1.65601,5.16052186515285
1.65701,5.15974167019367
1.65801,5.15896074020452
1.65901,5.15817907558097
1.66001,5.15739667672447
1.66101,5.15661354404245
1.66201,5.15582967794822
1.66301,5.15504507886092
1.66401,5.15425974720554
1.66501,5.15347368341284
1.66601,5.15268688791934
1.66701,5.1518993611673
1.66801,5.15111110360462
1.66901,5.15032211568489
1.67001,5.14953239786732
1.67101,5.14874195061666
1.67201,5.14795077440329
1.67301,5.14715886970308
1.67401,5.14636623699733
1.67501,5.14557287677291
1.67601,5.14477878952202
1.67701,5.14398397574226
1.67801,5.14318843593665
1.67901,5.1423921706135
1.68001,5.1415951802864
1.68101,5.14079746547422
1.68201,5.13999902670105
1.68301,5.13919986449624
1.68401,5.1383999793942
1.68501,5.13759937193459
1.68601,5.13679804266209
1.68701,5.13599599212652
1.68801,5.13519322088268
1.68901,5.13438972949042
1.69001,5.13358551851459
1.69101,5.132780588525
1.69201,5.13197494009628
1.69301,5.13116857380808
1.69401,5.13036149024484
1.69501,5.12955368999587
1.69601,5.12874517365521
1.69701,5.12793594182176
1.69801,5.12712599509909
1.69901,5.12631533409554
1.70001,5.12550395942407
1.70101,5.12469187170236
1.70201,5.12387907155263
1.70301,5.12306555960181
1.70401,5.12225133648127
1.70501,5.12143640282698
1.70601,5.12062075927941
1.70701,5.11980440648353
1.70801,5.11898734508869
1.70901,5.11816957574876
1.71001,5.1173510991219
1.71101,5.11653191587072
1.71201,5.1157120266621
1.71301,5.11489143216725
1.71401,5.1140701330617
1.71501,5.11324813002519
1.71601,5.11242542374165
1.71701,5.11160201489928
1.71801,5.11077790419043
1.71901,5.10995309231156
1.72001,5.10912757996323
1.72101,5.10830136785017
1.72201,5.10747445668112
1.72301,5.1066468471688
1.72401,5.10581854003
1.72501,5.10498953598554
1.72601,5.10415983576005
1.72701,5.10332944008219
1.72801,5.10249834968453
1.72901,5.10166656530342
1.73001,5.10083408767917
1.73101,5.10000091755581
1.73201,5.09916705568123
1.73301,5.09833250280705
1.73401,5.09749725968868
1.73501,5.09666132708521
1.73601,5.09582470575945
1.73701,5.09498739647779
1.73801,5.09414940001041
1.73901,5.09331071713097
1.74001,5.09247134861679
1.74101,5.09163129524872
1.74201,5.09079055781124
1.74301,5.08994913709219
1.74401,5.08910703388304
1.74501,5.08826424897866
1.74601,5.08742078317736
1.74701,5.08657663728088
1.74801,5.08573181209438
1.74901,5.08488630842635
1.75001,5.08404012708863
1.75101,5.0831932688964
1.75201,5.0823457346681
1.75301,5.0814975252255
1.75401,5.08064864139355
1.75501,5.0797990840005
1.75601,5.07894885387771
1.75701,5.07809795185983
1.75801,5.07724637878457
1.75901,5.0763941354928
1.76001,5.07554122282853
1.76101,5.07468764163883
1.76201,5.07383339277379
1.76301,5.07297847708665
1.76401,5.07212289543354
1.76501,5.07126664867367
1.76601,5.07040973766919
1.76701,5.06955216328523
1.76801,5.06869392638978
1.76901,5.0678350278538
1.77001,5.06697546855112
1.77101,5.06611524935839
1.77201,5.06525437115513
1.77301,5.0643928348237
1.77401,5.06353064124922
1.77501,5.06266779131957
1.77601,5.06180428592542
1.77701,5.06094012596015
1.77801,5.06007531231983
1.77901,5.05920984590327
1.78001,5.0583437276119
1.78101,5.05747695834981
1.78201,5.05660953902369
1.78301,5.05574147054289
1.78401,5.05487275381928
1.78501,5.05400338976732
1.78601,5.053133379304
1.78701,5.05226272334889
1.78801,5.05139142282393
1.78901,5.05051947865367
1.79001,5.04964689176502
1.79101,5.04877366308742
1.79201,5.04789979355262
1.79301,5.0470252840949
1.79401,5.04615013565079
1.79501,5.04527434915926
1.79601,5.04439792556156
1.79701,5.04352086580132
1.79801,5.04264317082445
1.79901,5.0417648415791
1.80001,5.04088587901573
1.80101,5.040006284087
1.80201,5.03912605774781
1.80301,5.0382452009553
1.80401,5.03736371466872
1.80501,5.03648159984955
1.80601,5.03559885746135
1.80701,5.03471548846986
1.80801,5.03383149384291
1.80901,5.03294687455042
1.81001,5.0320616315644
1.81101,5.03117576585884
1.81201,5.03028927840985
1.81301,5.0294021701955
1.81401,5.02851444219591
1.81501,5.0276260953931
1.81601,5.02673713077111
1.81701,5.02584754931593
1.81801,5.02495735201542
1.81901,5.0240665398594
1.82001,5.02317511383954
1.82101,5.0222830749494
1.82201,5.02139042418441
1.82301,5.02049716254177
1.82401,5.0196032910206
1.82501,5.01870881062173
1.82601,5.01781372234786
1.82701,5.01691802720336
1.82801,5.01602172619441
1.82901,5.0151248203289
1.83001,5.01422731061649
1.83101,5.01332919806841
1.83201,5.01243048369774
1.83301,5.01153116851911
1.83401,5.01063125354882
1.83501,5.00973073980479
1.83601,5.00882962830662
1.83701,5.00792792007546
1.83801,5.007025616134
1.83901,5.0061227175066
1.84001,5.00521922521907
1.84101,5.00431514029885
1.84201,5.00341046377478
1.84301,5.00250519667731
1.84401,5.00159934003831
1.84501,5.00069289489115
1.84601,4.99978586227066
1.84701,4.99887824321307
1.84801,4.99797003875606
1.84901,4.99706124993875
1.85001,4.99615187780158
1.85101,4.99524192338643
1.85201,4.99433138773648
1.85301,4.99342027189631
1.85401,4.99250857691184
1.85501,4.99159630383022
1.85601,4.99068345369999
1.85701,4.98977002757097
1.85801,4.98885602649416
1.85901,4.98794145152193
1.86001,4.98702630370781
1.86101,4.98611058410659
1.86201,4.98519429377431
1.86301,4.98427743376811
1.86401,4.98336000514641
1.86501,4.98244200896872
1.86601,4.98152344629578
1.86701,4.9806043181894
1.86801,4.97968462571257
1.86901,4.97876436992935
1.87001,4.9778435519049
1.87101,4.97692217270552
1.87201,4.97600023339851
1.87301,4.97507773505226
1.87401,4.97415467873619
1.87501,4.97323106552077
1.87601,4.97230689647745
1.87701,4.97138217267867
1.87801,4.97045689519793
1.87901,4.96953106510964
1.88001,4.96860468348918
1.88101,4.96767775141292
1.88201,4.96675026995809
1.88301,4.96582224020289
1.88401,4.96489366322641
1.88501,4.96396454010864
1.88601,4.96303487193046
1.88701,4.96210465977362
1.88801,4.96117390472071
1.88901,4.96024260785513
1.89001,4.95931077026119
1.89101,4.95837839302394
1.89201,4.95744547722933
1.89301,4.95651202396395
1.89401,4.95557803431532
1.89501,4.95464350937165
1.89601,4.9537084502219
1.89701,4.95277285795582
1.89801,4.95183673366384
1.89901,4.95090007843713
1.90001,4.94996289336758
1.90101,4.94902517954773
1.90201,4.94808693807086
1.90301,4.94714817003087
1.90401,4.9462088765223
1.90501,4.94526905864041
1.90601,4.94432871748105
1.90701,4.94338785414067
1.90801,4.94244646971639
1.90901,4.94150456530585
1.91001,4.94056214200737
1.91101,4.93961920091976
1.91201,4.93867574314243
1.91301,4.9377317697753
1.91401,4.93678728191898
1.91501,4.93584228067441
1.91601,4.93489676714319
1.91701,4.93395074242734
1.91801,4.93300420762943
1.91901,4.93205716385251
1.92001,4.93110961220007
1.92101,4.93016155377613
1.92201,4.92921298968508
1.92301,4.92826392103179
1.92401,4.92731434892158
1.92501,4.92636427446017
1.92601,4.9254136987537
1.92701,4.92446262290867
1.92801,4.92351104803203
1.92901,4.92255897523104
1.93001,4.92160640561341
1.93101,4.92065334028713
1.93201,4.91969978036057
1.93301,4.91874572694244
1.93401,4.91779118114176
1.93501,4.91683614406789
1.93601,4.91588061683044
1.93701,4.91492460053938
1.93801,4.91396809630498
1.93901,4.91301110523767
1.94001,4.91205362844828
1.94101,4.91109566704782
1.94201,4.91013722214755
1.94301,4.90917829485898
1.94401,4.90821888629389
1.94501,4.90725899756419
1.94601,4.90629862978204
1.94701,4.90533778405979
1.94801,4.90437646151001
1.94901,4.90341466324541
1.95001,4.90245239037889
1.95101,4.90148964402346
1.95201,4.90052642529237
1.95301,4.89956273529894
1.95401,4.89859857515667
1.95501,4.89763394597912
1.95601,4.89666884888003
1.95701,4.89570328497319
1.95801,4.89473725537251
1.95901,4.89377076119201
1.96001,4.89280380354574
1.96101,4.89183638354784
1.96201,4.89086850231252
1.96301,4.88990016095406
1.96401,4.8889313605867
1.96501,4.88796210232478
1.96601,4.88699238728267
1.96701,4.88602221657474
1.96801,4.88505159131537
1.96901,4.88408051261887
1.97001,4.88310898159968
1.97101,4.88213699937212
1.97201,4.88116456705048
1.97301,4.8801916857491
1.97401,4.87921835658218
1.97501,4.87824458066392
1.97601,4.87727035910846
1.97701,4.87629569302985
1.97801,4.87532058354209
1.97901,4.87434503175906
1.98001,4.8733690387946
1.98101,4.87239260576239
1.98201,4.87141573377608
1.98301,4.87043842394912
1.98401,4.86946067739488
1.98501,4.86848249522656
1.98601,4.86750387855731
1.98701,4.86652482850005
1.98801,4.86554534616756
1.98901,4.86456543267249
1.99001,4.86358508912729
1.99101,4.86260431664424
1.99201,4.86162311633541
1.99301,4.86064148931275
1.99401,4.85965943668794
1.99501,4.85867695957246
1.99601,4.85769405907762
1.99701,4.85671073631445
1.99801,4.85572699239381
1.99901,4.85474282842627
2.00001,4.85375824552219
2.00101,4.85277324479166
2.00201,4.85178782734451
2.00301,4.85080199429036
2.00401,4.84981574673844
2.00501,4.84882908579784
2.00601,4.84784201257725
2.00701,4.84685452818516
2.00801,4.84586663372967
2.00901,4.84487833031863
2.01001,4.84388961905957
2.01101,4.8429005010597
2.01201,4.84191097742589
2.01301,4.84092104926465
2.01401,4.83993071768224
2.01501,4.83893998378445
2.01601,4.83794884867684
2.01701,4.83695731346452
2.01801,4.83596537925227
2.01901,4.83497304714447
2.02001,4.83398031824518
2.02101,4.832987193658
2.02201,4.83199367448619
2.02301,4.83099976183258
2.02401,4.83000545679964
2.02501,4.82901076048938
2.02601,4.82801567400339
2.02701,4.82702019844288
2.02801,4.82602433490862
2.02901,4.82502808450089
2.03001,4.8240314483196
2.03101,4.82303442746417
2.03201,4.8220370230336
2.03301,4.82103923612638
2.03401,4.82004106784055
2.03501,4.81904251927374
2.03601,4.81804359152302
2.03701,4.81704428568502
2.03801,4.81604460285584
2.03901,4.81504454413116
2.04001,4.81404411060609
2.04101,4.81304330337527
2.04201,4.81204212353281
2.04301,4.81104057217231
2.04401,4.81003865038684
2.04501,4.80903635926898
2.04601,4.80803369991069
2.04701,4.80703067340348
2.04801,4.80602728083827
2.04901,4.80502352330544
2.05001,4.80401940189481
2.05101,4.80301491769564
2.05201,4.80201007179662
2.05301,4.80100486528588
2.05401,4.79999929925098
2.05501,4.79899337477887
2.05601,4.7979870929559
2.05701,4.79698045486787
2.05801,4.79597346159995
2.05901,4.7949661142368
2.06001,4.79395841386231
2.06101,4.79295036155986
2.06201,4.79194195841221
2.06301,4.79093320550146
2.06401,4.78992410390911
2.06501,4.78891465471603
2.06601,4.78790485900243
2.06701,4.7868947178479
2.06801,4.78588423233135
2.06901,4.78487340353108
2.07001,4.78386223252472
2.07101,4.7828507203892
2.07201,4.78183886820083
2.07301,4.78082667703523
2.07401,4.77981414796737
2.07501,4.77880128207149
2.07601,4.77778808042118
2.07701,4.77677454408935
2.07801,4.77576067414817
2.07901,4.77474647166917
2.08001,4.77373193772312
2.08101,4.77271707338013
2.08201,4.77170187970959
2.08301,4.77068635778013
2.08401,4.76967050865972
2.08501,4.76865433341557
2.08601,4.76763783311416
2.08701,4.76662100882124
2.08801,4.76560386160186
2.08901,4.76458639252025
2.09001,4.76356860264
2.09101,4.76255049302383
2.09201,4.7615320647338
2.09301,4.76051331883118
2.09401,4.75949425637641
2.09501,4.75847487842934
2.09601,4.75745518604884
2.09701,4.75643518029316
2.09801,4.75541486221969
2.09901,4.75439423288507
2.10001,4.75337329334512
2.10101,4.75235204465493
2.10201,4.75133048786878
2.10301,4.75030862404008
2.10401,4.7492864542215
2.10501,4.74826397946493
2.10601,4.74724120082139
2.10701,4.74621811934112
2.10801,4.74519473607354
2.10901,4.74417105206726
2.11001,4.74314706837001
2.11101,4.74212278602879
2.11201,4.74109820608966
2.11301,4.74007332959797
2.11401,4.73904815759808
2.11501,4.73802269113363
2.11601,4.73699693124735
2.11701,4.73597087898117
2.11801,4.73494453537613
2.11901,4.73391790147245
2.12001,4.73289097830943
2.12101,4.73186376692554
2.12201,4.73083626835841
2.12301,4.72980848364478
2.12401,4.72878041382049
2.12501,4.72775205992056
2.12601,4.72672342297905
2.12701,4.72569450402926
2.12801,4.72466530410348
2.12901,4.72363582423316
2.13001,4.7226060654489
2.13101,4.72157602878032
2.13201,4.72054571525621
2.13301,4.71951512590445
2.13401,4.71848426175197
2.13501,4.71745312382482
2.13601,4.71642171314818
2.13701,4.71539003074624
2.13801,4.71435807764233
2.13901,4.71332585485885
2.14001,4.71229336341723
2.14101,4.71126060433808
2.14201,4.71022757864095
2.14301,4.70919428734456
2.14401,4.70816073146667
2.14501,4.70712691202403
2.14601,4.70609283003257
2.14701,4.70505848650722
2.14801,4.70402388246192
2.14901,4.70298901890977
2.15001,4.70195389686281
2.15101,4.70091851733219
2.15201,4.69988288132804
2.15301,4.69884698985963
2.15401,4.69781084393518
2.15501,4.69677444456203
2.15601,4.69573779274645
2.15701,4.69470088949384
2.15801,4.69366373580852
2.15901,4.69262633269393
2.16001,4.69158868115252
2.16101,4.69055078218568
2.16201,4.68951263679396
2.16301,4.68847424597677
2.16401,4.68743561073265
2.16501,4.68639673205907
2.16601,4.68535761095259
2.16701,4.68431824840869
2.16801,4.68327864542189
2.16901,4.68223880298575
2.17001,4.68119872209278
2.17101,4.68015840373448
2.17201,4.67911784890136
2.17301,4.67807705858295
2.17401,4.67703603376774
2.17501,4.6759947754432
2.17601,4.67495328459578
2.17701,4.67391156221095
2.17801,4.67286960927315
2.17901,4.67182742676576
2.18001,4.67078501567118
2.18101,4.66974237697078
2.18201,4.66869951164486
2.18301,4.66765642067274
2.18401,4.66661310503268
2.18501,4.66556956570193
2.18601,4.66452580365666
2.18701,4.66348181987205
2.18801,4.66243761532222
2.18901,4.66139319098023
2.19001,4.66034854781816
2.19101,4.65930368680691
2.19201,4.65825860891649
2.19301,4.65721331511578
2.19401,4.65616780637259
2.19501,4.65512208365371
2.19601,4.65407614792489
2.19701,4.65303000015079
2.19801,4.65198364129501
2.19901,4.65093707232011
2.20001,4.64989029418757
2.20101,4.64884330785781
2.20201,4.6477961142902
2.20301,4.646748714443
2.20401,4.64570110927345
2.20501,4.64465329973771
2.20601,4.64360528679084
2.20701,4.64255707138681
2.20801,4.64150865447857
2.20901,4.64046003701796
2.21001,4.63941121995576
2.21101,4.63836220424162
2.21201,4.63731299082415
2.21301,4.63626358065086
2.21401,4.6352139746682
2.21501,4.63416417382145
2.21601,4.63311417905494
2.21701,4.6320639913118
2.21801,4.63101361153405
2.21901,4.62996304066274
2.22001,4.6289122796377
2.22101,4.62786132939772
2.22201,4.62681019088047
2.22301,4.62575886502257
2.22401,4.62470735275948
2.22501,4.62365565502558
2.22601,4.62260377275413
2.22701,4.62155170687733
2.22801,4.62049945832624
2.22901,4.61944702803079
2.23001,4.61839441691986
2.23101,4.61734162592115
2.23201,4.61628865596135
2.23301,4.61523550796589
2.23401,4.61418218285922
2.23501,4.61312868156461
2.23601,4.61207500500421
2.23701,4.61102115409907
2.23801,4.60996712976915
2.23901,4.60891293293322
2.24001,4.60785856450898
2.24101,4.60680402541298
2.24201,4.60574931656066
2.24301,4.60469443886639
2.24401,4.60363939324324
2.24501,4.60258418060339
2.24601,4.6015288018577
2.24701,4.60047325791599
2.24801,4.59941754968693
2.24901,4.59836167807806
2.25001,4.5973056439958
2.25101,4.59624944834541
2.25201,4.59519309203102
2.25301,4.59413657595562
2.25401,4.59307990102111
2.25501,4.5920230681282
2.25601,4.59096607817651
2.25701,4.58990893206442
2.25801,4.58885163068931
2.25901,4.5877941749473
2.26001,4.58673656573345
2.26101,4.5856788039416
2.26201,4.5846208904645
2.26301,4.58356282619375
2.26401,4.58250461201984
2.26501,4.58144624883199
2.26601,4.5803877375184
2.26701,4.57932907896604
2.26801,4.5782702740608
2.26901,4.57721132368737
2.27001,4.57615222872929
2.27101,4.57509299006896
2.27201,4.57403360858766
2.27301,4.57297408516544
2.27401,4.57191442068129
2.27501,4.57085461601294
2.27601,4.56979467203705
2.27701,4.56873458962909
2.27801,4.56767436966342
2.27901,4.56661401301313
2.28001,4.56555352055027
2.28101,4.56449289314564
2.28201,4.56343213166897
2.28301,4.56237123698877
2.28401,4.56131020997239
2.28501,4.56024905148602
2.28601,4.55918776239473
2.28701,4.55812634356239
2.28801,4.55706479585169
2.28901,4.55600312012422
2.29001,4.55494131724032
2.29101,4.55387938805923
2.29201,4.55281733343902
2.29301,4.55175515423656
2.29401,4.55069285130758
2.29501,4.54963042550662
2.29601,4.54856787768709
2.29701,4.54750520870121
2.29801,4.54644241940002
2.29901,4.54537951063339
2.30001,4.54431648325007
2.30101,4.54325333809756
2.30201,4.54219007602228
2.30301,4.54112669786939
2.30401,4.54006320448295
2.30501,4.53899959670581
2.30601,4.53793587537966
2.30701,4.53687204134499
2.30801,4.53580809544119
2.30901,4.5347440385064
2.31001,4.53367987137763
2.31101,4.5326155948907
2.31201,4.53155120988024
2.31301,4.53048671717974
2.31401,4.52942211762151
2.31501,4.52835741203666
2.31601,4.52729260125515
2.31701,4.52622768610575
2.31801,4.52516266741605
2.31901,4.52409754601249
2.32001,4.52303232272028
2.32101,4.52196699836354
2.32201,4.52090157376514
2.32301,4.51983604974677
2.32401,4.51877042712899
2.32501,4.51770470673119
2.32601,4.5166388893715
2.32701,4.51557297586694
2.32801,4.51450696703336
2.32901,4.51344086368539
2.33001,4.51237466663649
2.33101,4.51130837669897
2.33201,4.51024199468393
2.33301,4.50917552140129
2.33401,4.50810895765986
2.33501,4.50704230426715
2.33601,4.5059755620296
2.33701,4.50490873175241
2.33801,4.50384181423959
2.33901,4.50277481029404
2.34001,4.50170772071744
2.34101,4.50064054631025
2.34201,4.49957328787182
2.34301,4.49850594620027
2.34401,4.49743852209258
2.34501,4.49637101634451
2.34601,4.49530342975066
2.34701,4.49423576310445
2.34801,4.49316801719813
2.34901,4.49210019282274
2.35001,4.49103229076818
2.35101,4.48996431182314
2.35201,4.48889625677514
2.35301,4.4878281264105
2.35401,4.48675992151441
2.35501,4.48569164287082
2.35601,4.48462329126257
2.35701,4.48355486747123
2.35801,4.48248637227729
2.35901,4.48141780645996
2.36001,4.48034917079737
2.36101,4.47928046606638
2.36201,4.47821169304272
2.36301,4.47714285250096
2.36401,4.47607394521446
2.36501,4.47500497195538
2.36601,4.47393593349472
2.36701,4.47286683060236
2.36801,4.47179766404687
2.36901,4.47072843459579
2.37001,4.46965914301538
2.37101,4.46858979007076
2.37201,4.46752037652587
2.37301,4.46645090314346
2.37401,4.4653813706851
2.37501,4.46431177991122
2.37601,4.46324213158102
2.37701,4.46217242645259
2.37801,4.46110266528274
2.37901,4.46003284882721
2.38001,4.45896297784049
2.38101,4.45789305307597
2.38201,4.45682307528578
2.38301,4.4557530452209
2.38401,4.45468296363117
2.38501,4.45361283126524
2.38601,4.45254264887056
2.38701,4.45147241719342
2.38801,4.45040213697894
2.38901,4.44933180897105
2.39001,4.44826143391256
2.39101,4.44719101254499
2.39201,4.44612054560886
2.39301,4.44505003384334
2.39401,4.44397947798656
2.39501,4.44290887877538
2.39601,4.44183823694558
2.39701,4.44076755323169
2.39801,4.4396968283671
2.39901,4.43862606308406
2.40001,4.43755525811358
2.40101,4.43648441418556
2.40201,4.43541353202872
2.40301,4.43434261237059
2.40401,4.43327165593754
2.40501,4.43220066345477
2.40601,4.4311296356463
2.40701,4.43005857323506
2.40801,4.42898747694266
2.40901,4.4279163474897
2.41001,4.42684518559551
2.41101,4.42577399197832
2.41201,4.42470276735514
2.41301,4.42363151244183
2.41401,4.42256022795313
2.41501,4.42148891460255
2.41601,4.42041757310246
2.41701,4.41934620416412
2.41801,4.41827480849751
2.41901,4.41720338681159
2.42001,4.41613193981401
2.42101,4.41506046821139
2.42201,4.4139889727091
2.42301,4.41291745401139
2.42401,4.41184591282135
2.42501,4.41077434984089
2.42601,4.40970276577078
2.42701,4.4086311613106
2.42801,4.40755953715882
2.42901,4.40648789401272
2.43001,4.40541623256844
2.43101,4.40434455352094
2.43201,4.40327285756403
2.43301,4.40220114539039
2.43401,4.40112941769155
2.43501,4.40005767515781
2.43601,4.39898591847838
2.43701,4.39791414834133
2.43801,4.39684236543356
2.43901,4.39577057044077
2.44001,4.39469876404758
2.44101,4.39362694693743
2.44201,4.39255511979257
2.44301,4.3914832832942
2.44401,4.39041143812226
2.44501,4.38933958495562
2.44601,4.38826772447193
2.44701,4.38719585734779
2.44801,4.38612398425857
2.44901,4.3850521058785
2.45001,4.3839802228807
2.45101,4.38290833593716
2.45201,4.38183644571869
2.45301,4.38076455289492
2.45401,4.37969265813443
2.45501,4.37862076210459
2.45601,4.37754886547163
2.45701,4.37647696890066
2.45801,4.37540507305567
2.45901,4.37433317859945
2.46001,4.37326128619373
2.46101,4.37218939649901
2.46201,4.37111751017473
2.46301,4.37004562787914
2.46401,4.36897375026939
2.46501,4.36790187800147
2.46601,4.36683001173029
2.46701,4.3657581521095
2.46801,4.36468629979178
2.46901,4.36361445542852
2.47001,4.36254261967011
2.47101,4.36147079316572
2.47201,4.36039897656343
2.47301,4.35932717051018
2.47401,4.35825537565178
2.47501,4.35718359263288
2.47601,4.35611182209709
2.47701,4.35504006468682
2.47801,4.35396832104335
2.47901,4.35289659180685
2.48001,4.3518248776164
2.48101,4.3507531791099
2.48201,4.34968149692418
2.48301,4.34860983169487
2.48401,4.34753818405657
2.48501,4.34646655464271
2.48601,4.3453949440856
2.48701,4.34432335301644
2.48801,4.34325178206529
2.48901,4.34218023186115
2.49001,4.3411087030318
2.49101,4.34003719620404
2.49201,4.33896571200341
2.49301,4.33789425105447
2.49401,4.33682281398053
2.49501,4.33575140140392
2.49601,4.33468001394578
2.49701,4.33360865222611
2.49801,4.33253731686392
2.49901,4.33146600847696
2.50001,4.330394727682
2.50101,4.32932347509459
2.50201,4.32825225132928
2.50301,4.32718105699941
2.50401,4.3261098927173
2.50501,4.32503875909413
2.50601,4.32396765673997
2.50701,4.32289658626379
2.50801,4.32182554827345
2.50901,4.32075454337574
2.51001,4.31968357217629
2.51101,4.31861263527971
2.51201,4.31754173328942
2.51301,4.31647086680786
2.51401,4.31540003643621
2.51501,4.31432924277471
2.51601,4.31325848642245
2.51701,4.31218776797737
2.51801,4.31111708803636
2.51901,4.31004644719526
2.52001,4.30897584604873
2.52101,4.30790528519042
2.52201,4.30683476521283
2.52301,4.30576428670742
2.52401,4.3046938502645
2.52501,4.30362345647336
2.52601,4.30255310592215
2.52701,4.30148279919796
2.52801,4.30041253688678
2.52901,4.29934231957356
2.53001,4.29827214784209
2.53101,4.29720202227516
2.53201,4.29613194345439
2.53301,4.29506191196041
2.53401,4.29399192837269
2.53501,4.2929219932697
2.53601,4.29185210722878
2.53701,4.29078227082617
2.53801,4.28971248463711
2.53901,4.28864274923574
2.54001,4.28757306519505
2.54101,4.28650343308705
2.54201,4.28543385348264
2.54301,4.28436432695166
2.54401,4.28329485406288
2.54501,4.28222543538396
2.54601,4.28115607148157
2.54701,4.28008676292122
2.54801,4.27901751026744
2.54901,4.27794831408364
2.55001,4.27687917493219
2.55101,4.27581009337436
2.55201,4.27474106997042
2.55301,4.27367210527953
2.55401,4.27260319985979
2.55501,4.2715343542683
2.55601,4.27046556906096
2.55701,4.26939684479279
2.55801,4.26832818201764
2.55901,4.26725958128834
2.56001,4.26619104315665
2.56101,4.26512256817329
2.56201,4.2640541568879
2.56301,4.26298580984913
2.56401,4.26191752760452
2.56501,4.26084931070057
2.56601,4.25978115968272
2.56701,4.25871307509543
2.56801,4.25764505748203
2.56901,4.25657710738485
2.57001,4.25550922534517
2.57101,4.25444141190319
2.57201,4.25337366759815
2.57301,4.25230599296814
2.57401,4.25123838855029
2.57501,4.25017085488067
2.57601,4.24910339249426
2.57701,4.24803600192511
2.57801,4.24696868370612
2.57901,4.24590143836924
2.58001,4.24483426644534
2.58101,4.24376716846424
2.58201,4.24270014495477
2.58301,4.2416331964447
2.58401,4.2405663234608
2.58501,4.23949952652878
2.58601,4.23843280617333
2.58701,4.2373661629181
2.58801,4.23629959728573
2.58901,4.23523310979786
2.59001,4.23416670097503
2.59101,4.23310037133685
2.59201,4.23203412140183
2.59301,4.23096795168748
2.59401,4.22990186271033
2.59501,4.22883585498582
2.59601,4.22776992902843
2.59701,4.22670408535163
2.59801,4.22563832446781
2.59901,4.22457264688837
2.60001,4.22350705312373
2.60101,4.2224415436833
2.60201,4.22137611907538
2.60301,4.22031077980741
2.60401,4.21924552638567
2.60501,4.21818035931556
2.60601,4.21711527910137
2.60701,4.21605028624645
2.60801,4.21498538125311
2.60901,4.21392056462268
2.61001,4.21285583685546
2.61101,4.21179119845077
2.61201,4.21072664990691
2.61301,4.2096621917212
2.61401,4.20859782438993
2.61501,4.20753354840843
2.61601,4.206469364271
2.61701,4.20540527247097
2.61801,4.20434127350065
2.61901,4.20327736785137
2.62001,4.20221355601345
2.62101,4.20114983847629
2.62201,4.20008621572817
2.62301,4.19902268825653
2.62401,4.19795925654768
2.62501,4.19689592108701
2.62601,4.19583268235896
2.62701,4.19476954084692
2.62801,4.19370649703333
2.62901,4.19264355139962
2.63001,4.1915807044263
2.63101,4.19051795659279
2.63201,4.18945530837765
2.63301,4.18839276025837
2.63401,4.18733031271152
2.63501,4.18626796621266
2.63601,4.1852057212364
2.63701,4.18414357825635
2.63801,4.18308153774515
2.63901,4.18201960017451
2.64001,4.18095776601509
2.64101,4.17989603573665
2.64201,4.17883440980798
2.64301,4.17777288869683
2.64401,4.17671147287005
2.64501,4.17565016279351
2.64601,4.17458895893213
2.64701,4.17352786174981
2.64801,4.17246687170954
2.64901,4.17140598927335
2.65001,4.17034521490228
2.65101,4.16928454905641
2.65201,4.16822399219492
2.65301,4.16716354477595
2.65401,4.16610320725676
2.65501,4.1650429800936
2.65601,4.16398286374176
2.65701,4.16292285865564
2.65801,4.16186296528866
2.65901,4.16080318409326
2.66001,4.15974351552095
2.66101,4.15868396002233
2.66201,4.15762451804699
2.66301,4.15656519004364
2.66401,4.15550597645995
2.66501,4.15444687774275
2.66601,4.15338789433787
2.66701,4.15232902669022
2.66801,4.15127027524376
2.66901,4.1502116404415
2.67001,4.14915312272555
2.67101,4.14809472253704
2.67201,4.1470364403162
2.67301,4.14597827650229
2.67401,4.14492023153367
2.67501,4.14386230584775
2.67601,4.14280449988101
2.67701,4.14174681406899
2.67801,4.14068924884636
2.67901,4.13963180464678
2.68001,4.13857448190301
2.68101,4.13751728104691
2.68201,4.13646020250941
2.68301,4.13540324672048
2.68401,4.13434641410924
2.68501,4.13328970510379
2.68601,4.13223312013139
2.68701,4.13117665961837
2.68801,4.1301203239901
2.68901,4.12906411367107
2.69001,4.12800802908487
2.69101,4.1269520706541
2.69201,4.12589623880055
2.69301,4.12484053394503
2.69401,4.12378495650746
2.69501,4.12272950690683
2.69601,4.12167418556127
2.69701,4.12061899288793
2.69801,4.11956392930313
2.69901,4.11850899522222
2.70001,4.11745419105972
2.70101,4.11639951722916
2.70201,4.11534497414325
2.70301,4.1142905622137
2.70401,4.11323628185144
2.70501,4.11218213346644
2.70601,4.11112811746774
2.70701,4.11007423426358
2.70801,4.10902048426114
2.70901,4.10796686786694
2.71001,4.1069133854864
2.71101,4.10586003752412
2.71201,4.1048068243839
2.71301,4.10375374646847
2.71401,4.10270080417984
2.71501,4.10164799791902
2.71601,4.1005953280862
2.71701,4.09954279508066
2.71801,4.09849039930079
2.71901,4.09743814114414
2.72001,4.09638602100731
2.72101,4.09533403928607
2.72201,4.0942821963753
2.72301,4.093230492669
2.72401,4.09217892856029
2.72501,4.09112750444142
2.72601,4.09007622070377
2.72701,4.08902507773783
2.72801,4.08797407593323
2.72901,4.08692321567874
2.73001,4.08587249736221
2.73101,4.08482192137071
2.73201,4.08377148809035
2.73301,4.08272119790646
2.73401,4.08167105120342
2.73501,4.08062104836482
2.73601,4.07957118977331
2.73701,4.07852147581075
2.73801,4.07747190685811
2.73901,4.07642248329548
2.74001,4.07537320550216
2.74101,4.0743240738565
2.74201,4.07327508873607
2.74301,4.07222625051753
2.74401,4.07117755957673
2.74501,4.07012901628862
2.74601,4.06908062102737
2.74701,4.06803237416624
2.74801,4.06698427607762
2.74901,4.06593632713316
2.75001,4.06488852770353
2.75101,4.06384087815864
2.75201,4.06279337886755
2.75301,4.06174603019842
2.75401,4.06069883251864
2.75501,4.05965178619472
2.75601,4.05860489159231
2.75701,4.05755814907628
2.75801,4.0565115590106
2.75901,4.05546512175844
2.76001,4.05441883768217
2.76101,4.05337270714318
2.76201,4.05232673050222
2.76301,4.05128090811911
2.76401,4.05023524035277
2.76501,4.04918972756144
2.76601,4.04814437010242
2.76701,4.04709916833226
2.76801,4.04605412260658
2.76901,4.0450092332803
2.77001,4.04396450070741
2.77101,4.04291992524114
2.77201,4.04187550723386
2.77301,4.04083124703718
2.77401,4.03978714500179
2.77501,4.03874320147768
2.77601,4.0376994168139
2.77701,4.03665579135879
2.77801,4.03561232545982
2.77901,4.03456901946368
2.78001,4.03352587371616
2.78101,4.03248288856237
2.78201,4.0314400643465
2.78301,4.03039740141201
2.78401,4.02935490010148
2.78501,4.02831256075672
2.78601,4.02727038371876
2.78701,4.02622836932777
2.78801,4.02518651792314
2.78901,4.02414482984349
2.79001,4.0231033054266
2.79101,4.02206194500944
2.79201,4.02102074892822
2.79301,4.0199797175183
2.79401,4.0189388511143
2.79501,4.01789815005002
2.79601,4.01685761465848
2.79701,4.01581724527184
2.79801,4.01477704222157
2.79901,4.01373700583825
2.80001,4.01269713645176
2.80101,4.01165743439112
2.80201,4.01061789998462
2.80301,4.0095785335597
2.80401,4.00853933544305
2.80501,4.0075003059606
2.80601,4.00646144543744
2.80701,4.00542275419793
2.80801,4.00438423256559
2.80901,4.00334588086326
2.81001,4.00230769941288
2.81101,4.00126968853569
2.81201,4.00023184855215
2.81301,3.99919417978188
2.81401,3.99815668254382
2.81501,3.99711935715608
2.81601,3.996082203936
2.81701,3.99504522320013
2.81801,3.99400841526432
2.81901,3.99297178044362
2.82001,3.99193531905224
2.82101,3.99089903140373
2.82201,3.98986291781082
2.82301,3.98882697858546
2.82401,3.98779121403888
2.82501,3.98675562448155
2.82601,3.98572021022312
2.82701,3.98468497157254
2.82801,3.98364990883798
2.82901,3.98261502232683
2.83001,3.98158031234577
2.83101,3.98054577920067
2.83201,3.97951142319672
2.83301,3.97847724463828
2.83401,3.97744324382899
2.83501,3.97640942107176
2.83601,3.97537577666871
2.83701,3.97434231092124
2.83801,3.97330902412998
2.83901,3.97227591659486
2.84001,3.97124298861498
2.84101,3.9702102404888
2.84201,3.96917767251396
2.84301,3.96814528498737
2.84401,3.96711307820523
2.84501,3.96608105246298
2.84601,3.9650492080553
2.84701,3.96401754527618
2.84801,3.96298606441885
2.84901,3.96195476577578
2.85001,3.96092364963872
2.85101,3.95989271629875
2.85201,3.9588619660461
2.85301,3.95783139917037
2.85401,3.9568010159604
2.85501,3.95577081670425
2.85601,3.95474080168935
2.85701,3.9537109712023
2.85801,3.95268132552904
2.85901,3.95165186495478
2.86001,3.95062258976399
2.86101,3.94959350024041
2.86201,3.94856459666709
2.86301,3.94753587932634
2.86401,3.94650734849975
2.86501,3.94547900446819
2.86601,3.94445084751183
2.86701,3.94342287791009
2.86801,3.94239509594171
2.86901,3.94136750188473
2.87001,3.94034009601641
2.87101,3.93931287861339
2.87201,3.9382858499515
2.87301,3.93725901030593
2.87401,3.93623235995117
2.87501,3.93520589916093
2.87601,3.93417962820829
2.87701,3.9331535473656
2.87801,3.9321276569045
2.87901,3.93110195709592
2.88001,3.93007644821009
2.88101,3.92905113051654
2.88201,3.92802600428416
2.88301,3.92700106978105
2.88401,3.92597632727466
2.88501,3.92495177703175
2.88601,3.92392741931832
2.88701,3.92290325439978
2.88801,3.92187928254077
2.88901,3.92085550400528
2.89001,3.91983191905659
2.89101,3.91880852795726
2.89201,3.91778533096925
2.89301,3.91676232835373
2.89401,3.91573952037123
2.89501,3.91471690728162
2.89601,3.91369448934404
2.89701,3.91267226681697
2.89801,3.91165023995821
2.89901,3.91062840902487
2.90001,3.9096067742734
2.90101,3.9085853359595
2.90201,3.90756409433831
2.90301,3.90654304966421
2.90401,3.90552220219089
2.90501,3.90450155217145
2.90601,3.9034810998582
2.90701,3.90246084550291
2.90801,3.90144078935658
2.90901,3.90042093166955
2.91001,3.89940127269157
2.91101,3.89838181267159
2.91201,3.89736255185801
2.91301,3.89634349049849
2.91401,3.89532462884011
2.91501,3.89430596712916
2.91601,3.89328750561137
2.91701,3.89226924453178
2.91801,3.89125118413475
2.91901,3.89023332466399
2.92001,3.88921566636257
2.92101,3.88819820947288
2.92201,3.88718095423664
2.92301,3.88616390089496
2.92401,3.88514704968826
2.92501,3.88413040085632
2.92601,3.88311395463825
2.92701,3.88209771127252
2.92801,3.88108167099697
2.92901,3.88006583404876
2.93001,3.87905020066442
2.93101,3.8780347710798
2.93201,3.87701954553018
2.93301,3.87600452425007
2.93401,3.87498970747347
2.93501,3.87397509543365
2.93601,3.87296068836329
2.93701,3.87194648649435
2.93801,3.87093249005827
2.93901,3.86991869928572
2.94001,3.86890511440684
2.94101,3.86789173565107
2.94201,3.86687856324722
2.94301,3.86586559742351
2.94401,3.86485283840747
2.94501,3.86384028642601
2.94601,3.86282794170545
2.94701,3.86181580447142
2.94801,3.86080387494897
2.94901,3.85979215336248
2.95001,3.85878063993573
2.95101,3.85776933489185
2.95201,3.85675823845338
2.95301,3.85574735084221
2.95401,3.8547366722796
2.95501,3.85372620298619
2.95601,3.85271594318204
2.95701,3.85170589308652
2.95801,3.85069605291844
2.95901,3.84968642289593
2.96001,3.84867700323658
2.96101,3.84766779415731
2.96201,3.84665879587443
2.96301,3.84565000860364
2.96401,3.84464143256004
2.96501,3.84363306795808
2.96601,3.84262491501167
2.96701,3.84161697393403
2.96801,3.84060924493783
2.96901,3.83960172823508
2.97001,3.83859442403721
2.97101,3.83758733255505
2.97201,3.83658045399881
2.97301,3.83557378857813
2.97401,3.83456733650198
2.97501,3.8335610979788
2.97601,3.83255507321636
2.97701,3.83154926242189
2.97801,3.83054366580199
2.97901,3.82953828356264
2.98001,3.8285331159093
2.98101,3.82752816304672
2.98201,3.82652342517917
2.98301,3.82551890251024
2.98401,3.82451459524298
2.98501,3.8235105035798
2.98601,3.82250662772256
2.98701,3.82150296787253
2.98801,3.82049952423032
2.98901,3.81949629699608
2.99001,3.81849328636922
2.99101,3.81749049254871
2.99201,3.81648791573281
2.99301,3.81548555611929
2.99401,3.81448341390529
2.99501,3.81348148928735
2.99601,3.81247978246147
2.99701,3.81147829362304
2.99801,3.8104770229669
2.99901,3.8094759706873
3.00001,3.80847513697787
3.00101,3.80747452203172
3.00201,3.80647412604137
3.00301,3.80547394919878
3.00401,3.80447399169524
3.00501,3.80347425372161
3.00601,3.80247473546807
3.00701,3.80147543712428
3.00801,3.80047635887931
3.00901,3.79947750092169
3.01001,3.79847886343936
3.01101,3.79748044661965
3.01201,3.79648225064943
3.01301,3.7954842757149
3.01401,3.79448652200174
3.01501,3.79348898969509
3.01601,3.79249167897947
3.01701,3.7914945900389
3.01801,3.79049772305678
3.01901,3.78950107821602
3.02001,3.78850465569889
3.02101,3.78750845568717
3.02201,3.78651247836205
3.02301,3.78551672390418
3.02401,3.78452119249365
3.02501,3.78352588430996
3.02601,3.78253079953216
3.02701,3.7815359383386
3.02801,3.78054130090722
3.02901,3.77954688741529
3.03001,3.77855269803966
3.03101,3.77755873295651
3.03201,3.77656499234155
3.03301,3.77557147636988
3.03401,3.77457818521616
3.03501,3.77358511905437
3.03601,3.77259227805805
3.03701,3.77159966240015
3.03801,3.77060727225311
3.03901,3.7696151077888
3.04001,3.76862316917856
3.04101,3.76763145659317
3.04201,3.76663997020294
3.04301,3.76564871017757
3.04401,3.76465767668627
3.04501,3.76366686989766
3.04601,3.7626762899799
3.04701,3.76168593710055
3.04801,3.76069581142671
3.04901,3.75970591312488
3.05001,3.75871624236102
3.05101,3.75772679930066
3.05201,3.75673758410871
3.05301,3.75574859694958
3.05401,3.75475983798716
3.05501,3.75377130738481
3.05601,3.75278300530533
3.05701,3.75179493191108
3.05801,3.75080708736381
3.05901,3.74981947182482
3.06001,3.74883208545482
3.06101,3.74784492841404
3.06201,3.74685800086219
3.06301,3.74587130295845
3.06401,3.74488483486151
3.06501,3.74389859672948
3.06601,3.74291258872005
3.06701,3.74192681099029
3.06801,3.74094126369683
3.06901,3.73995594699575
3.07001,3.73897086104268
3.07101,3.73798600599262
3.07201,3.73700138200018
3.07301,3.7360169892194
3.07401,3.73503282780381
3.07501,3.73404889790647
3.07601,3.73306519967988
3.07701,3.73208173327609
3.07801,3.73109849884658
3.07901,3.7301154965424
3.08001,3.72913272651406
3.08101,3.72815018891155
3.08201,3.72716788388439
3.08301,3.72618581158158
3.08401,3.72520397215163
3.08501,3.72422236574255
3.08601,3.72324099250186
3.08701,3.72225985257655
3.08801,3.72127894611317
3.08901,3.72029827325771
3.09001,3.71931783415573
3.09101,3.71833762895225
3.09201,3.71735765779181
3.09301,3.71637792081849
3.09401,3.71539841817581
3.09501,3.71441915000685
3.09601,3.71344011645421
3.09701,3.71246131765999
3.09801,3.71148275376577
3.09901,3.71050442491268
3.10001,3.70952633124139
3.10101,3.70854847289196
3.10201,3.70757085000417
3.10301,3.70659346271713
3.10401,3.70561631116957
3.10501,3.7046393954997
3.10601,3.70366271584528
3.10701,3.70268627234355
3.10801,3.70171006513129
3.10901,3.70073409434484
3.11001,3.69975836012
3.11101,3.69878286259211
3.11201,3.69780760189609
3.11301,3.69683257816629
3.11401,3.69585779153668
3.11501,3.69488324214072
3.11601,3.69390893011138
3.11701,3.69293485558116
3.11801,3.69196101868215
3.11901,3.69098741954588
3.12001,3.69001405830347
3.12101,3.68904093508558
3.12201,3.68806805002238
3.12301,3.68709540324356
3.12401,3.68612299487838
3.12501,3.68515082505561
3.12601,3.68417889390357
3.12701,3.68320720155013
3.12801,3.68223574812264
3.12901,3.68126453374807
3.13001,3.68029355855288
3.13101,3.67932282266308
3.13201,3.67835232620425
3.13301,3.67738206930145
3.13401,3.67641205207933
3.13501,3.67544227466211
3.13601,3.67447273717347
3.13701,3.67350343973673
3.13801,3.6725343824747
3.13901,3.67156556550975
3.14001,3.67059698896378
3.14101,3.6696286529583
3.14201,3.66866055761428
3.14301,3.66769270305234
3.14401,3.66672508939258
3.14501,3.66575771675468
3.14601,3.66479058525785
3.14701,3.66382369502092
3.14801,3.66285704616218
3.14901,3.66189063879955
3.15001,3.66092447305047
3.15101,3.65995854903195
3.15201,3.65899286686056
3.15301,3.65802742665243
3.15401,3.65706222852323
3.15501,3.65609727258825
3.15601,3.65513255896225
3.15701,3.65416808775964
3.15801,3.6532038590943
3.15901,3.65223987307977
3.16001,3.65127612982915
3.16101,3.65031262945498
3.16201,3.64934937206953
3.16301,3.64838635778454
3.16401,3.64742358671132
3.16501,3.64646105896081
3.16601,3.64549877464344
3.16701,3.64453673386928
3.16801,3.64357493674794
3.16901,3.64261338338857
3.17001,3.64165207389998
3.17101,3.64069100839045
3.17201,3.63973018696795
3.17301,3.63876960973989
3.17401,3.63780927681337
3.17501,3.63684918829499
3.17601,3.63588934429099
3.17701,3.63492974490716
3.17801,3.63397039024886
3.17901,3.63301128042103
3.18001,3.63205241552822
3.18101,3.63109379567452
3.18201,3.63013542096364
3.18301,3.62917729149884
3.18401,3.62821940738302
3.18501,3.62726176871858
3.18601,3.62630437560758
3.18701,3.62534722815161
3.18801,3.6243903264519
3.18901,3.62343367060924
3.19001,3.62247726072401
3.19101,3.62152109689616
3.19201,3.62056517922529
3.19301,3.61960950781053
3.19401,3.6186540827506
3.19501,3.61769890414389
3.19601,3.61674397208828
3.19701,3.6157892866813
3.19801,3.6148348480201
3.19901,3.61388065620135
3.20001,3.61292671132141
3.20101,3.61197301347617
3.20201,3.6110195627611
3.20301,3.61006635927133
3.20401,3.60911340310158
3.20501,3.60816069434614
3.20601,3.6072082330989
3.20701,3.60625601945337
3.20801,3.60530405350268
3.20901,3.60435233533952
3.21001,3.6034008650562
3.21101,3.60244964274466
3.21201,3.60149866849642
3.21301,3.6005479424026
3.21401,3.59959746455395
3.21501,3.59864723504081
3.21601,3.59769725395316
3.21701,3.59674752138053
3.21801,3.5957980374121
3.21901,3.59484880213667
3.22001,3.59389981564262
3.22101,3.59295107801796
3.22201,3.59200258935031
3.22301,3.59105434972693
3.22401,3.59010635923464
3.22501,3.58915861795991
3.22601,3.58821112598883
3.22701,3.58726388340707
3.22801,3.58631689029998
3.22901,3.58537014675248
3.23001,3.5844236528491
3.23101,3.58347740867405
3.23201,3.58253141431108
3.23301,3.58158566984361
3.23401,3.5806401753547
3.23501,3.57969493092699
3.23601,3.57874993664275
3.23701,3.57780519258389
3.23801,3.57686069883194
3.23901,3.57591645546805
3.24001,3.574972462573
3.24101,3.5740287202272
3.24201,3.57308522851067
3.24301,3.57214198750309
3.24401,3.57119899728374
3.24501,3.57025625793152
3.24601,3.56931376952504
3.24701,3.56837153214241
3.24801,3.56742954586149
3.24901,3.56648781075972
3.25001,3.56554632691416
3.25101,3.56460509440155
3.25201,3.5636641132982
3.25301,3.56272338368014
3.25401,3.56178290562296
3.25501,3.56084267920192
3.25601,3.55990270449192
3.25701,3.55896298156749
3.25801,3.5580235105028
3.25901,3.55708429137167
3.26001,3.55614532424752
3.26101,3.55520660920348
3.26201,3.55426814631226
3.26301,3.55332993564624
3.26401,3.55239197727745
3.26501,3.55145427127756
3.26601,3.55051681771786
3.26701,3.54957961666929
3.26801,3.54864266820247
3.26901,3.54770597238764
3.27001,3.5467695292947
3.27101,3.54583333899319
3.27201,3.54489740155227
3.27301,3.54396171704083
3.27401,3.54302628552732
3.27501,3.54209110707989
3.27601,3.54115618176634
3.27701,3.5402215096541
3.27801,3.53928709081027
3.27901,3.53835292530159
3.28001,3.5374190131945
3.28101,3.53648535455501
3.28201,3.53555194944887
3.28301,3.53461879794143
3.28401,3.53368590009773
3.28501,3.53275325598245
3.28601,3.53182086565993
3.28701,3.53088872919416
3.28801,3.52995684664883
3.28901,3.52902521808726
3.29001,3.5280938435724
3.29101,3.52716272316691
3.29201,3.52623185693311
3.29301,3.52530124493298
3.29401,3.5243708872281
3.29501,3.52344078387983
3.29601,3.52251093494909
3.29701,3.52158134049651
3.29801,3.52065200058242
3.29901,3.51972291526674
3.30001,3.51879408460912
3.30101,3.51786550866886
3.30201,3.51693718750491
3.30301,3.51600912117591
3.30401,3.51508130974018
3.30501,3.51415375325568
3.30601,3.51322645178009
3.30701,3.5122994053707
3.30801,3.51137261408449
3.30901,3.51044607797816
3.31001,3.50951979710802
3.31101,3.50859377153013
3.31201,3.50766800130015
3.31301,3.50674248647345
3.31401,3.50581722710508
3.31501,3.50489222324977
3.31601,3.50396747496189
3.31701,3.50304298229554
3.31801,3.50211874530449
3.31901,3.50119476404217
3.32001,3.50027103856167
3.32101,3.49934756891584
3.32201,3.49842435515712
3.32301,3.49750139733771
3.32401,3.49657869550941
3.32501,3.49565624972379
3.32601,3.49473406003206
3.32701,3.49381212648511
3.32801,3.49289044913354
3.32901,3.49196902802762
3.33001,3.49104786321731
3.33101,3.49012695475224
3.33201,3.48920630268177
3.33301,3.48828590705491
3.33401,3.48736576792039
3.33501,3.4864458853266
3.33601,3.48552625932165
3.33701,3.48460688995331
3.33801,3.48368777726908
3.33901,3.48276892131611
3.34001,3.48185032214129
3.34101,3.48093197979115
3.34201,3.48001389431196
3.34301,3.47909606574967
3.34401,3.47817849414993
3.34501,3.47726117955805
3.34601,3.47634412201913
3.34701,3.47542732157783
3.34801,3.47451077827863
3.34901,3.47359449216567
3.35001,3.47267846328274
3.35101,3.47176269167343
3.35201,3.4708471773809
3.35301,3.46993192044816
3.35401,3.46901692091779
3.35501,3.46810217883216
3.35601,3.46718769423332
3.35701,3.46627346716296
3.35801,3.4653594976626
3.35901,3.46444578577336
3.36001,3.46353233153609
3.36101,3.46261913499137
3.36201,3.46170619617949
3.36301,3.46079351514041
3.36401,3.45988109191382
3.36501,3.45896892653913
3.36601,3.45805701905543
3.36701,3.45714536950154
3.36801,3.45623397791599
3.36901,3.45532284433703
3.37001,3.4544119688026
3.37101,3.45350135135036
3.37201,3.45259099201768
3.37301,3.45168089084165
3.37401,3.45077104785907
3.37501,3.44986146310647
3.37601,3.44895213662006
3.37701,3.44804306843579
3.37801,3.44713425858935
3.37901,3.44622570711609
3.38001,3.44531741405112
3.38101,3.44440937942925
3.38201,3.44350160328501
3.38301,3.44259408565267
3.38401,3.44168682656619
3.38501,3.44077982605925
3.38601,3.4398730841653
3.38701,3.43896660091744
3.38801,3.43806037634855
3.38901,3.43715441049121
3.39001,3.43624870337771
3.39101,3.4353432550401
3.39201,3.43443806551011
3.39301,3.43353313481923
3.39401,3.43262846299866
3.39501,3.43172405007931
3.39601,3.43081989609186
3.39701,3.4299160010667
3.39801,3.4290123650339
3.39901,3.42810898802334
3.40001,3.42720587006458
3.40101,3.42630301118687
3.40201,3.42540041141931
3.40301,3.42449807079061
3.40401,3.4235959893293
3.40501,3.42269416706356
3.40601,3.42179260402133
3.40701,3.42089130023038
3.40801,3.41999025571804
3.40901,3.41908947051149
3.41001,3.41818894463766
3.41101,3.41728867812313
3.41201,3.41638867099427
3.41301,3.41548892327717
3.41401,3.41458943499768
3.41501,3.41369020618136
3.41601,3.41279123685351
3.41701,3.41189252703918
3.41801,3.41099407676317
3.41901,3.41009588604998
3.42001,3.40919795492389
3.42101,3.40830028340892
3.42201,3.40740287152876
3.42301,3.40650571930698
3.42401,3.40560882676676
3.42501,3.40471219393108
3.42601,3.40381582082268
3.42701,3.40291970746397
3.42801,3.40202385387721
3.42901,3.40112826008431
3.43001,3.400232926107
3.43101,3.3993378519667
3.43201,3.39844303768462
3.43301,3.39754848328165
3.43401,3.39665418877853
3.43501,3.39576015419566
3.43601,3.39486637955324
3.43701,3.39397286487118
3.43801,3.39307961016916
3.43901,3.39218661546661
3.44001,3.39129388078274
3.44101,3.39040140613646
3.44201,3.38950919154646
3.44301,3.38861723703116
3.44401,3.38772554260878
3.44501,3.38683410829724
3.44601,3.38594293411427
3.44701,3.38505202007727
3.44801,3.38416136620348
3.44901,3.38327097250986
3.45001,3.38238083901315
3.45101,3.38149096572979
3.45201,3.38060135267603
3.45301,3.37971199986786
3.45401,3.37882290732103
3.45501,3.37793407505105
3.45601,3.3770455030732
3.45701,3.37615719140248
3.45801,3.37526914005368
3.45901,3.37438134904138
3.46001,3.37349381837985
3.46101,3.37260654808321
3.46201,3.37171953816524
3.46301,3.37083278863958
3.46401,3.36994629951957
3.46501,3.36906007081834
3.46601,3.36817410254877
3.46701,3.36728839472352
3.46801,3.36640294735501
3.46901,3.36551776045544
3.47001,3.36463283403672
3.47101,3.36374816811062
3.47201,3.3628637626886
3.47301,3.3619796177819
3.47401,3.36109573340156
3.47501,3.36021210955839
3.47601,3.35932874626292
3.47701,3.3584456435255
3.47801,3.3575628013562
3.47901,3.35668021976496
3.48001,3.35579789876135
3.48101,3.35491583835481
3.48201,3.35403403855457
3.48301,3.35315249936952
3.48401,3.35227122080845
3.48501,3.35139020287986
3.48601,3.35050944559201
3.48701,3.34962894895297
3.48801,3.34874871297059
3.48901,3.34786873765245
3.49001,3.34698902300595
3.49101,3.34610956903828
3.49201,3.34523037575633
3.49301,3.34435144316684
3.49401,3.34347277127632
3.49501,3.34259436009105
3.49601,3.34171620961704
3.49701,3.34083831986017
3.49801,3.33996069082604
3.49901,3.33908332252002
3.50001,3.33820621494734
3.50101,3.33732936811292
3.50201,3.33645278202152
3.50301,3.33557645667764
3.50401,3.33470039208562
3.50501,3.3338245882495
3.50601,3.3329490451732
3.50701,3.33207376286037
3.50801,3.33119874131445
3.50901,3.33032398053865
3.51001,3.329449480536
3.51101,3.32857524130934
3.51201,3.3277012628612
3.51301,3.32682754519398
3.51401,3.32595408830985
3.51501,3.32508089221076
3.51601,3.32420795689845
3.51701,3.32333528237445
3.51801,3.32246286864007
3.51901,3.32159071569646
3.52001,3.32071882354448
3.52101,3.31984719218483
3.52201,3.31897582161801
3.52301,3.31810471184428
3.52401,3.31723386286374
3.52501,3.3163632746762
3.52601,3.31549294728137
3.52701,3.31462288067867
3.52801,3.31375307486736
3.52901,3.31288352984645
3.53001,3.3120142456148
3.53101,3.31114522217103
3.53201,3.31027645951357
3.53301,3.30940795764065
3.53401,3.30853971655026
3.53501,3.30767173624026
3.53601,3.30680401670824
3.53701,3.30593655795162
3.53801,3.30506935996761
3.53901,3.30420242275323
3.54001,3.30333574630528
3.54101,3.3024693306204
3.54201,3.30160317569496
3.54301,3.30073728152521
3.54401,3.29987164810716
3.54501,3.29900627543658
3.54601,3.29814116350919
3.54701,3.29727631232034
3.54801,3.29641172186527
3.54901,3.29554739213902
3.55001,3.29468332313641
3.55101,3.29381951485211
3.55201,3.29295596728053
3.55301,3.29209268041594
3.55401,3.2912296542524
3.55501,3.29036688878378
3.55601,3.28950438400372
3.55701,3.28864213990573
3.55801,3.28778015648307
3.55901,3.28691843372885
3.56001,3.28605697163597
3.56101,3.28519577019715
3.56201,3.28433482940487
3.56301,3.28347414925154
3.56401,3.28261372972923
3.56501,3.28175357082991
3.56601,3.28089367254537
3.56701,3.28003403486714
3.56801,3.27917465778665
3.56901,3.27831554129508
3.57001,3.27745668538346
3.57101,3.27659809004257
3.57201,3.27573975526312
3.57301,3.2748816810355
3.57401,3.27402386735002
3.57501,3.27316631419675
3.57601,3.27230902156559
3.57701,3.27145198944627
3.57801,3.27059521782828
3.57901,3.26973870670101
3.58001,3.26888245605363
3.58101,3.26802646587509
3.58201,3.26717073615422
3.58301,3.26631526687961
3.58401,3.26546005803974
3.58501,3.26460510962284
3.58601,3.263750421617
3.58701,3.26289599401012
3.58801,3.26204182678991
3.58901,3.2611879199439
3.59001,3.26033427345947
3.59101,3.2594808873238
3.59201,3.25862776152389
3.59301,3.25777489604657
3.59401,3.25692229087848
3.59501,3.25606994600611
3.59601,3.25521786141576
3.59701,3.25436603709354
3.59801,3.2535144730254
3.59901,3.2526631691971
3.60001,3.25181212559427
3.60101,3.25096134220228
3.60201,3.25011081900645
3.60301,3.24926055599181
3.60401,3.24841055314325
3.60501,3.24756081044554
3.60601,3.24671132788322
3.60701,3.24586210544069
3.60801,3.24501314310212
3.60901,3.2441644408516
3.61001,3.24331599867299
3.61101,3.24246781654998
3.61201,3.24161989446615
3.61301,3.2407722324048
3.61401,3.23992483034917
3.61501,3.23907768828228
3.61601,3.23823080618698
3.61701,3.23738418404596
3.61801,3.23653782184175
3.61901,3.2356917195567
3.62001,3.23484587717302
3.62101,3.2340002946727
3.62201,3.23315497203762
3.62301,3.23230990924946
3.62401,3.23146510628978
3.62501,3.23062056313991
3.62601,3.22977627978106
3.62701,3.22893225619425
3.62801,3.22808849236038
3.62901,3.22724498826015
3.63001,3.22640174387407
3.63101,3.22555875918256
3.63201,3.22471603416585
3.63301,3.22387356880395
3.63401,3.2230313630768
3.63501,3.22218941696415
3.63601,3.22134773044552
3.63701,3.22050630350039
3.63801,3.21966513610795
3.63901,3.21882422824736
3.64001,3.21798357989752
3.64101,3.21714319103725
3.64201,3.21630306164513
3.64301,3.21546319169964
3.64401,3.21462358117911
3.64501,3.21378423006164
3.64601,3.21294513832526
3.64701,3.21210630594781
3.64801,3.21126773290696
3.64901,3.21042941918022
3.65001,3.20959136474498
3.65101,3.20875356957847
3.65201,3.2079160336577
3.65301,3.20707875695963
3.65401,3.20624173946099
3.65501,3.20540498113838
3.65601,3.20456848196827
3.65701,3.2037322419269
3.65801,3.20289626099045
3.65901,3.20206053913493
3.66001,3.20122507633613
3.66101,3.20038987256977
3.66201,3.19955492781136
3.66301,3.19872024203633
3.66401,3.19788581521989
3.66501,3.19705164733712
3.66601,3.19621773836296
3.66701,3.19538408827221
3.66801,3.19455069703949
3.66901,3.19371756463932
3.67001,3.19288469104601
3.67101,3.19205207623376
3.67201,3.19121972017666
3.67301,3.19038762284857
3.67401,3.18955578422326
3.67501,3.18872420427432
3.67601,3.18789288297524
3.67701,3.18706182029934
3.67801,3.18623101621975
3.67901,3.18540047070955
3.68001,3.18457018374159
3.68101,3.18374015528862
3.68201,3.18291038532323
3.68301,3.1820808738179
3.68401,3.18125162074491
3.68501,3.18042262607644
3.68601,3.17959388978451
3.68701,3.17876541184097
3.68801,3.17793719221763
3.68901,3.17710923088603
3.69001,3.17628152781767
3.69101,3.17545408298385
3.69201,3.17462689635574
3.69301,3.1737999679044
3.69401,3.17297329760069
3.69501,3.17214688541542
3.69601,3.17132073131919
3.69701,3.17049483528246
3.69801,3.1696691972756
3.69901,3.16884381726881
3.70001,3.16801869523217
3.70101,3.16719383113558
3.70201,3.16636922494886
3.70301,3.16554487664168
3.70401,3.16472078618352
3.70501,3.16389695354379
3.70601,3.16307337869176
3.70701,3.16225006159653
3.70801,3.16142700222707
3.70901,3.16060420055223
3.71001,3.15978165654074
3.71101,3.15895937016114
3.71201,3.15813734138193
3.71301,3.15731557017138
3.71401,3.15649405649769
3.71501,3.1556728003289
3.71601,3.1548518016329
3.71701,3.15403106037753
3.71801,3.15321057653038
3.71901,3.15239035005901
3.72001,3.1515703809308
3.72101,3.15075066911299
3.72201,3.14993121457272
3.72301,3.14911201727702
3.72401,3.14829307719271
3.72501,3.14747439428655
3.72601,3.14665596852516
3.72701,3.14583779987502
3.72801,3.14501988830247
3.72901,3.14420223377373
3.73001,3.14338483625493
3.73101,3.14256769571202
3.73201,3.14175081211086
3.73301,3.14093418541715
3.73401,3.14011781559648
3.73501,3.13930170261433
3.73601,3.13848584643601
3.73701,3.13767024702678
3.73801,3.1368549043517
3.73901,3.13603981837574
3.74001,3.13522498906374
3.74101,3.13441041638041
3.74201,3.13359610029034
3.74301,3.13278204075803
3.74401,3.13196823774778
3.74501,3.13115469122386
3.74601,3.1303414011503
3.74701,3.12952836749115
3.74801,3.12871559021023
3.74901,3.12790306927128
3.75001,3.12709080463791
3.75101,3.12627879627363
3.75201,3.12546704414177
3.75301,3.12465554820562
3.75401,3.1238443084283
3.75501,3.12303332477281
3.75601,3.12222259720205
3.75701,3.12141212567879
3.75801,3.1206019101657
3.75901,3.11979195062528
3.76001,3.11898224701998
3.76101,3.11817279931207
3.76201,3.11736360746374
3.76301,3.11655467143706
3.76401,3.11574599119398
3.76501,3.11493756669632
3.76601,3.11412939790578
3.76701,3.11332148478399
3.76801,3.11251382729241
3.76901,3.1117064253924
3.77001,3.11089927904523
3.77101,3.11009238821203
3.77201,3.1092857528538
3.77301,3.10847937293146
3.77401,3.1076732484058
3.77501,3.10686737923751
3.77601,3.10606176538715
3.77701,3.10525640681515
3.77801,3.10445130348189
3.77901,3.10364645534755
3.78001,3.10284186237228
3.78101,3.10203752451606
3.78201,3.1012334417388
3.78301,3.10042961400025
3.78401,3.09962604126008
3.78501,3.09882272347789
3.78601,3.09801966061308
3.78701,3.09721685262501
3.78801,3.0964142994729
3.78901,3.09561200111586
3.79001,3.09480995751288
3.79101,3.09400816862289
3.79201,3.09320663440466
3.79301,3.09240535481689
3.79401,3.09160432981812
3.79501,3.09080355936685
3.79601,3.0900030434214
3.79701,3.08920278194003
3.79801,3.08840277488089
3.79901,3.08760302220202
3.80001,3.08680352386134
3.80101,3.08600427981664
3.80201,3.0852052900257
3.80301,3.08440655444607
3.80401,3.08360807303529
3.80501,3.08280984575076
3.80601,3.08201187254975
3.80701,3.08121415338946
3.80801,3.08041668822698
3.80901,3.07961947701928
3.81001,3.07882251972325
3.81101,3.07802581629567
3.81201,3.07722936669318
3.81301,3.07643317087237
3.81401,3.07563722878971
3.81501,3.07484154040155
3.81601,3.07404610566415
3.81701,3.07325092453368
3.81801,3.07245599696617
3.81901,3.07166132291762
3.82001,3.07086690234385
3.82101,3.07007273520062
3.82201,3.06927882144358
3.82301,3.0684851610283
3.82401,3.06769175391021
3.82501,3.06689860004466
3.82601,3.06610569938696
3.82701,3.06531305189219
3.82801,3.06452065751544
3.82901,3.06372851621165
3.83001,3.0629366279357
3.83101,3.06214499264233
3.83201,3.06135361028623
3.83301,3.06056248082195
3.83401,3.05977160420395
3.83501,3.0589809803866
3.83601,3.05819060932418
3.83701,3.05740049097088
3.83801,3.05661062528076
3.83901,3.0558210122078
3.84001,3.0550316517059
3.84101,3.05424254372887
3.84201,3.05345368823038
3.84301,3.05266508516405
3.84401,3.05187673448336
3.84501,3.05108863614179
3.84601,3.05030079009259
3.84701,3.04951319628901
3.84801,3.04872585468418
3.84901,3.04793876523116
3.85001,3.04715192788288
3.85101,3.04636534259217
3.85201,3.04557900931182
3.85301,3.0447929279945
3.85401,3.04400709859276
3.85501,3.0432215210591
3.85601,3.0424361953459
3.85701,3.04165112140549
3.85801,3.04086629919004
3.85901,3.04008172865169
3.86001,3.03929740974246
3.86101,3.03851334241429
3.86201,3.03772952661904
3.86301,3.03694596230846
3.86401,3.03616264943419
3.86501,3.03537958794783
3.86601,3.03459677780089
3.86701,3.03381421894473
3.86801,3.03303191133071
3.86901,3.03224985490999
3.87001,3.03146804963375
3.87101,3.03068649545303
3.87201,3.02990519231878
3.87301,3.02912414018187
3.87401,3.02834333899311
3.87501,3.02756278870316
3.87601,3.02678248926267
3.87701,3.02600244062211
3.87801,3.02522264273196
3.87901,3.02444309554258
3.88001,3.02366379900422
3.88101,3.02288475306707
3.88201,3.02210595768118
3.88301,3.02132741279663
3.88401,3.02054911836331
3.88501,3.01977107433106
3.88601,3.01899328064964
3.88701,3.01821573726873
3.88801,3.01743844413792
3.88901,3.01666140120671
3.89001,3.01588460842451
3.89101,3.01510806574069
3.89201,3.01433177310449
3.89301,3.01355573046508
3.89401,3.01277993777154
3.89501,3.0120043949729
3.89601,3.0112291020181
3.89701,3.01045405885595
3.89801,3.00967926543524
3.89901,3.00890472170463
3.90001,3.00813042761275
3.90101,3.00735638310811
3.90201,3.00658258813913
3.90301,3.0058090426542
3.90401,3.00503574660159
3.90501,3.00426269992949
3.90601,3.00348990258604
3.90701,3.00271735451926
3.90801,3.00194505567714
3.90901,3.00117300600753
3.91001,3.00040120545827
3.91101,2.99962965397705
3.91201,2.99885835151155
3.91301,2.99808729800931
3.91401,2.99731649341784
3.91501,2.99654593768457
3.91601,2.99577563075681
3.91701,2.99500557258184
3.91801,2.99423576310682
3.91901,2.99346620227888
3.92001,2.99269689004502
3.92101,2.99192782635225
3.92201,2.99115901114737
3.92301,2.99039044437725
3.92401,2.98962212598857
3.92501,2.98885405592804
3.92601,2.98808623414218
3.92701,2.98731866057749
3.92801,2.98655133518044
3.92901,2.98578425789736
3.93001,2.98501742867452
3.93101,2.98425084745813
3.93201,2.98348451419432
3.93301,2.98271842882914
3.93401,2.98195259130859
3.93501,2.98118700157859
3.93601,2.98042165958492
3.93701,2.9796565652734
3.93801,2.97889171858971
3.93901,2.97812711947945
3.94001,2.9773627678882
3.94101,2.97659866376141
3.94201,2.9758348070445
3.94301,2.97507119768277
3.94401,2.97430783562152
3.94501,2.97354472080593
3.94601,2.97278185318111
3.94701,2.97201923269213
3.94801,2.97125685928395
3.94901,2.97049473290147
3.95001,2.96973285348956
3.95101,2.96897122099295
3.95201,2.96820983535637
3.95301,2.96744869652445
3.95401,2.96668780444174
3.95501,2.96592715905273
3.95601,2.96516676030185
3.95701,2.96440660813345
3.95801,2.96364670249181
3.95901,2.96288704332118
3.96001,2.96212763056568
3.96101,2.96136846416941
3.96201,2.96060954407637
3.96301,2.9598508702305
3.96401,2.95909244257573
3.96501,2.95833426105582
3.96601,2.95757632561457
3.96701,2.95681863619562
3.96801,2.95606119274259
3.96901,2.95530399519906
3.97001,2.95454704350847
3.97101,2.95379033761426
3.97201,2.9530338774598
3.97301,2.95227766298837
3.97401,2.95152169414316
3.97501,2.95076597086736
3.97601,2.95001049310407
3.97701,2.94925526079628
3.97801,2.948500273887
3.97901,2.94774553231909
3.98001,2.94699103603541
3.98101,2.94623678497874
3.98201,2.94548277909177
3.98301,2.94472901831715
3.98401,2.94397550259748
3.98501,2.94322223187527
3.98601,2.94246920609297
3.98701,2.94171642519298
3.98801,2.94096388911764
3.98901,2.94021159780921
3.99001,2.93945955120993
3.99101,2.93870774926192
3.99201,2.93795619190725
3.99301,2.93720487908798
3.99401,2.93645381074607
3.99501,2.9357029868234
3.99601,2.93495240726185
3.99701,2.93420207200317
3.99801,2.93345198098909
3.99901,2.93270213416128
4.00001,2.93195253146133
4.00101,2.93120317283078
4.00201,2.93045405821112
4.00301,2.92970518754379
4.00401,2.92895656077014
4.00501,2.92820817783146
4.00601,2.92746003866902
4.00701,2.92671214322398
4.00801,2.9259644914375
4.00901,2.92521708325065
4.01001,2.92446991860442
4.01101,2.92372299743979
4.01201,2.92297631969763
4.01301,2.92222988531879
4.01401,2.92148369424407
4.01501,2.92073774641418
4.01601,2.9199920417698
4.01701,2.91924658025152
4.01801,2.91850136179993
4.01901,2.9177563863555
4.02001,2.91701165385868
4.02101,2.91626716424988
4.02201,2.91552291746941
4.02301,2.91477891345754
4.02401,2.9140351521545
4.02501,2.91329163350046
4.02601,2.91254835743552
4.02701,2.91180532389974
4.02801,2.91106253283312
4.02901,2.91031998417561
4.03001,2.90957767786708
4.03101,2.90883561384741
4.03201,2.90809379205635
4.03301,2.90735221243364
4.03401,2.90661087491896
4.03501,2.90586977945192
4.03601,2.90512892597209
4.03701,2.904388314419
4.03801,2.9036479447321
4.03901,2.90290781685081
4.04001,2.90216793071449
4.04101,2.90142828626243
4.04201,2.90068888343389
4.04301,2.89994972216809
4.04401,2.89921080240415
4.04501,2.89847212408118
4.04601,2.89773368713824
4.04701,2.89699549151429
4.04801,2.89625753714831
4.04901,2.89551982397918
4.05001,2.89478235194573
4.05101,2.89404512098678
4.05201,2.89330813104103
4.05301,2.8925713820472
4.05401,2.89183487394391
4.05501,2.89109860666977
4.05601,2.89036258016331
4.05701,2.88962679436304
4.05801,2.88889124920736
4.05901,2.88815594463469
4.06001,2.88742088058337
4.06101,2.8866860569917
4.06201,2.88595147379792
4.06301,2.88521713094022
4.06401,2.88448302835675
4.06501,2.88374916598561
4.06601,2.88301554376485
4.06701,2.88228216163248
4.06801,2.88154901952645
4.06901,2.88081611738469
4.07001,2.88008345514502
4.07101,2.87935103274528
4.07201,2.87861885012325
4.07301,2.87788690721659
4.07401,2.87715520396304
4.07501,2.87642374030021
4.07601,2.87569251616566
4.07701,2.87496153149693
4.07801,2.8742307862315
4.07901,2.87350028030684
4.08001,2.87277001366032
4.08101,2.87203998622928
4.08201,2.87131019795105
4.08301,2.8705806487629
4.08401,2.86985133860198
4.08501,2.86912226740553
4.08601,2.86839343511063
4.08701,2.86766484165439
4.08801,2.86693648697382
4.08901,2.86620837100592
4.09001,2.86548049368763
4.09101,2.86475285495585
4.09201,2.86402545474745
4.09301,2.86329829299925
4.09401,2.86257136964801
4.09501,2.86184468463044
4.09601,2.86111823788326
4.09701,2.86039202934308
4.09801,2.85966605894653
4.09901,2.85894032663012
4.10001,2.85821483233039
4.10101,2.85748957598383
4.10201,2.85676455752681
4.10301,2.85603977689579
4.10401,2.85531523402706
4.10501,2.85459092885693
4.10601,2.8538668613217
4.10701,2.85314303135753
4.10801,2.85241943890061
4.10901,2.85169608388712
4.11001,2.8509729662531
4.11101,2.85025008593465
4.11201,2.84952744286774
4.11301,2.84880503698836
4.11401,2.84808286823246
4.11501,2.8473609365359
4.11601,2.84663924183457
4.11701,2.84591778406426
4.11801,2.84519656316074
4.11901,2.84447557905973
4.12001,2.84375483169696
4.12101,2.84303432100803
4.12201,2.84231404692859
4.12301,2.84159400939421
4.12401,2.84087420834043
4.12501,2.84015464370271
4.12601,2.83943531541657
4.12701,2.83871622341737
4.12801,2.83799736764054
4.12901,2.83727874802139
4.13001,2.83656036449521
4.13101,2.83584221699733
4.13201,2.83512430546293
4.13301,2.83440662982719
4.13401,2.83368919002528
4.13501,2.83297198599234
4.13601,2.83225501766344
4.13701,2.83153828497357
4.13801,2.83082178785782
4.13901,2.83010552625109
4.14001,2.82938950008834
4.14101,2.82867370930446
4.14201,2.82795815383432
4.14301,2.82724283361273
4.14401,2.82652774857447
4.14501,2.82581289865431
4.14601,2.82509828378694
4.14701,2.82438390390707
4.14801,2.82366975894932
4.14901,2.82295584884832
4.15001,2.8222421735386
4.15101,2.82152873295474
4.15201,2.82081552703122
4.15301,2.82010255570252
4.15401,2.81938981890307
4.15501,2.81867731656727
4.15601,2.81796504862948
4.15701,2.81725301502403
4.15801,2.81654121568523
4.15901,2.81582965054732
4.16001,2.81511831954455
4.16101,2.8144072226111
4.16201,2.81369635968113
4.16301,2.81298573068877
4.16401,2.81227533556813
4.16501,2.81156517425325
4.16601,2.81085524667819
4.16701,2.81014555277689
4.16801,2.80943609248336
4.16901,2.8087268657315
4.17001,2.80801787245523
4.17101,2.80730911258839
4.17201,2.80660058606485
4.17301,2.80589229281839
4.17401,2.80518423278275
4.17501,2.80447640589173
4.17601,2.80376881207898
4.17701,2.80306145127819
4.17801,2.80235432342301
4.17901,2.80164742844705
4.18001,2.80094076628389
4.18101,2.80023433686708
4.18201,2.79952814013013
4.18301,2.79882217600652
4.18401,2.79811644442972
4.18501,2.79741094533318
4.18601,2.79670567865024
4.18701,2.79600064431432
4.18801,2.7952958422587
4.18901,2.79459127241673
4.19001,2.79388693472168
4.19101,2.79318282910679
4.19201,2.79247895550526
4.19301,2.7917753138503
4.19401,2.79107190407505
4.19501,2.79036872611266
4.19601,2.78966577989621
4.19701,2.78896306535877
4.19801,2.78826058243339
4.19901,2.78755833105309
4.20001,2.78685631115084
4.20101,2.78615452265959
4.20201,2.78545296551229
4.20301,2.78475163964182
4.20401,2.78405054498106
4.20501,2.78334968146286
4.20601,2.78264904902002
4.20701,2.78194864758534
4.20801,2.78124847709156
4.20901,2.78054853747145
4.21001,2.77984882865769
4.21101,2.77914935058295
4.21201,2.7784501031799
4.21301,2.77775108638116
4.21401,2.77705230011933
4.21501,2.77635374432696
4.21601,2.77565541893663
4.21701,2.77495732388082
4.21801,2.77425945909206
4.21901,2.77356182450278
4.22001,2.77286442004543
4.22101,2.77216724565244
4.22201,2.77147030125618
4.22301,2.77077358678902
4.22401,2.77007710218328
4.22501,2.76938084737129
4.22601,2.76868482228533
4.22701,2.76798902685766
4.22801,2.76729346102051
4.22901,2.76659812470608
4.23001,2.76590301784658
4.23101,2.76520814037416
4.23201,2.76451349222094
4.23301,2.76381907331906
4.23401,2.76312488360058
4.23501,2.76243092299756
4.23601,2.76173719144207
4.23701,2.76104368886611
4.23801,2.76035041520166
4.23901,2.75965737038069
4.24001,2.75896455433512
4.24101,2.75827196699693
4.24201,2.75757960829796
4.24301,2.7568874781701
4.24401,2.75619557654519
4.24501,2.75550390335508
4.24601,2.75481245853154
4.24701,2.75412124200638
4.24801,2.75343025371134
4.24901,2.75273949357815
4.25001,2.75204896153856
4.25101,2.75135865752419
4.25201,2.75066858146677
4.25301,2.74997873329791
4.25401,2.74928911294925
4.25501,2.74859972035238
4.25601,2.74791055543888
4.25701,2.74722161814031
4.25801,2.74653290838821
4.25901,2.74584442611409
4.26001,2.74515617124944
4.26101,2.74446814372573
4.26201,2.74378034347441
4.26301,2.7430927704269
4.26401,2.74240542451463
4.26501,2.74171830566897
4.26601,2.74103141382129
4.26701,2.74034474890294
4.26801,2.73965831084522
4.26901,2.73897209957949
4.27001,2.73828611503698
4.27101,2.73760035714897
4.27201,2.73691482584671
4.27301,2.73622952106141
4.27401,2.73554444272429
4.27501,2.73485959076653
4.27601,2.7341749651193
4.27701,2.73349056571372
4.27801,2.73280639248095
4.27901,2.73212244535204
4.28001,2.73143872425815
4.28101,2.7307552291303
4.28201,2.73007195989954
4.28301,2.72938891649692
4.28401,2.72870609885343
4.28501,2.7280235069001
4.28601,2.72734114056783
4.28701,2.72665899978764
4.28801,2.72597708449044
4.28901,2.72529539460717
4.29001,2.7246139300687
4.29101,2.72393269080592
4.29201,2.7232516767497
4.29301,2.72257088783088
4.29401,2.7218903239803
4.29501,2.72120998512875
4.29601,2.72052987120705
4.29701,2.71984998214596
4.29801,2.71917031787623
4.29901,2.7184908783286
4.30001,2.71781166343381
4.30101,2.71713267312256
4.30201,2.71645390732553
4.30301,2.71577536597339
4.30401,2.71509704899682
4.30501,2.71441895632645
4.30601,2.71374108789288
4.30701,2.71306344362674
4.30801,2.71238602345861
4.30901,2.71170882731907
4.31001,2.71103185513867
4.31101,2.71035510684795
4.31201,2.70967858237745
4.31301,2.70900228165765
4.31401,2.70832620461908
4.31501,2.70765035119218
4.31601,2.70697472130745
4.31701,2.7062993148953
4.31801,2.70562413188619
4.31901,2.70494917221053
4.32001,2.70427443579871
4.32101,2.70359992258112
4.32201,2.70292563248815
4.32301,2.70225156545012
4.32401,2.7015777213974
4.32501,2.7009041002603
4.32601,2.70023070196914
4.32701,2.69955752645423
4.32801,2.69888457364583
4.32901,2.69821184347422
4.33001,2.69753933586965
4.33101,2.69686705076235
4.33201,2.69619498808259
4.33301,2.69552314776053
4.33401,2.6948515297264
4.33501,2.69418013391035
4.33601,2.69350896024261
4.33701,2.69283800865329
4.33801,2.69216727907256
4.33901,2.69149677143053
4.34001,2.69082648565732
4.34101,2.69015642168304
4.34201,2.6894865794378
4.34301,2.68881695885164
4.34401,2.68814755985466
4.34501,2.68747838237689
4.34601,2.68680942634839
4.34701,2.68614069169917
4.34801,2.68547217835924
4.34901,2.68480388625864
4.35001,2.68413581532731
4.35101,2.68346796549526
4.35201,2.68280033669245
4.35301,2.68213292884883
4.35401,2.68146574189432
4.35501,2.68079877575889
4.35601,2.68013203037243
4.35701,2.67946550566486
4.35801,2.67879920156609
4.35901,2.67813311800596
4.36001,2.67746725491436
4.36101,2.67680161222117
4.36201,2.67613618985622
4.36301,2.67547098774935
4.36401,2.67480600583037
4.36501,2.67414124402913
4.36601,2.67347670227541
4.36701,2.67281238049903
4.36801,2.67214827862973
4.36901,2.67148439659733
4.37001,2.67082073433156
4.37101,2.67015729176219
4.37201,2.66949406881893
4.37301,2.66883106543156
4.37401,2.66816828152976
4.37501,2.66750571704325
4.37601,2.66684337190175
4.37701,2.66618124603492
4.37801,2.66551933937248
4.37901,2.66485765184405
4.38001,2.66419618337933
4.38101,2.66353493390796
4.38201,2.66287390335958
4.38301,2.66221309166383
4.38401,2.66155249875033
4.38501,2.66089212454868
4.38601,2.6602319689885
4.38701,2.65957203199939
4.38801,2.65891231351094
4.38901,2.65825281345269
4.39001,2.65759353175426
4.39101,2.65693446834516
4.39201,2.65627562315501
4.39301,2.65561699611328
4.39401,2.65495858714954
4.39501,2.65430039619332
4.39601,2.65364242317412
4.39701,2.65298466802146
4.39801,2.65232713066484
4.39901,2.65166981103376
4.40001,2.65101270905769
4.40101,2.65035582466611
4.40201,2.64969915778849
4.40301,2.64904270835432
4.40401,2.64838647629302
4.40501,2.64773046153403
4.40601,2.64707466400682
4.40701,2.6464190836408
4.40801,2.6457637203654
4.40901,2.64510857411003
4.41001,2.64445364480412
4.41101,2.64379893237705
4.41201,2.64314443675822
4.41301,2.64249015787703
4.41401,2.64183609566284
4.41501,2.64118225004503
4.41601,2.64052862095299
4.41701,2.63987520831605
4.41801,2.6392220120636
4.41901,2.63856903212496
4.42001,2.63791626842947
4.42101,2.63726372090648
4.42201,2.6366113894853
4.42301,2.63595927409529
4.42401,2.63530737466573
4.42501,2.63465569112594
4.42601,2.63400422340524
4.42701,2.63335297143291
4.42801,2.63270193513825
4.42901,2.63205111445055
4.43001,2.63140050929908
4.43101,2.63075011961314
4.43201,2.63009994532196
4.43301,2.62944998635484
4.43401,2.62880024264104
4.43501,2.62815071410979
4.43601,2.62750140069038
4.43701,2.626852302312
4.43801,2.62620341890393
4.43901,2.62555475039538
4.44001,2.6249062967156
4.44101,2.62425805779381
4.44201,2.6236100335592
4.44301,2.62296222394103
4.44401,2.62231462886848
4.44501,2.62166724827078
4.44601,2.62102008207711
4.44701,2.62037313021667
4.44801,2.61972639261865
4.44901,2.61907986921226
4.45001,2.61843355992667
4.45101,2.61778746469104
4.45201,2.61714158343459
4.45301,2.61649591608646
4.45401,2.61585046257581
4.45501,2.61520522283184
4.45601,2.61456019678369
4.45701,2.61391538436053
4.45801,2.61327078549149
4.45901,2.61262640010573
4.46001,2.6119822281324
4.46101,2.61133826950065
4.46201,2.61069452413962
4.46301,2.61005099197844
4.46401,2.60940767294624
4.46501,2.60876456697214
4.46601,2.60812167398531
4.46701,2.60747899391483
4.46801,2.60683652668984
4.46901,2.60619427223947
4.47001,2.60555223049281
4.47101,2.60491040137899
4.47201,2.60426878482713
4.47301,2.6036273807663
4.47401,2.60298618912565
4.47501,2.60234520983428
4.47601,2.60170444282127
4.47701,2.60106388801572
4.47801,2.60042354534674
4.47901,2.59978341474342
4.48001,2.59914349613484
4.48101,2.59850378945011
4.48201,2.59786429461833
4.48301,2.59722501156853
4.48401,2.59658594022986
4.48501,2.59594708053136
4.48601,2.59530843240215
4.48701,2.59466999577128
4.48801,2.59403177056782
4.48901,2.59339375672088
4.49001,2.59275595415953
4.49101,2.59211836281281
4.49201,2.59148098260984
4.49301,2.59084381347966
4.49401,2.59020685535137
4.49501,2.589570108154
4.49601,2.58893357181666
4.49701,2.58829724626838
4.49801,2.58766113143826
4.49901,2.58702522725535
4.50001,2.58638953364873
4.50101,2.58575405054743
4.50201,2.58511877788055
4.50301,2.58448371557716
4.50401,2.58384886356629
4.50501,2.58321422177701
4.50601,2.58257979013841
4.50701,2.58194556857953
4.50801,2.58131155702945
4.50901,2.58067775541719
4.51001,2.58004416367186
4.51101,2.5794107817225
4.51201,2.57877760949819
4.51301,2.57814464692796
4.51401,2.5775118939409
4.51501,2.57687935046607
4.51601,2.57624701643252
4.51701,2.57561489176932
4.51801,2.57498297640553
4.51901,2.57435127027023
4.52001,2.57371977329248
4.52101,2.57308848540131
4.52201,2.57245740652585
4.52301,2.57182653659511
4.52401,2.57119587553818
4.52501,2.57056542328414
4.52601,2.56993517976204
4.52701,2.56930514490096
4.52801,2.56867531862997
4.52901,2.56804570087814
4.53001,2.56741629157455
4.53101,2.56678709064827
4.53201,2.56615809802838
4.53301,2.56552931364395
4.53401,2.56490073742405
4.53501,2.5642723692978
4.53601,2.56364420919425
4.53701,2.56301625704249
4.53801,2.5623885127716
4.53901,2.56176097631067
4.54001,2.56113364758879
4.54101,2.56050652653506
4.54201,2.55987961307856
4.54301,2.55925290714838
4.54401,2.55862640867363
4.54501,2.5580001175834
4.54601,2.5573740338068
4.54701,2.55674815727292
4.54801,2.55612248791087
4.54901,2.55549702564977
4.55001,2.5548717704187
4.55101,2.55424672214678
4.55201,2.55362188076316
4.55301,2.55299724619693
4.55401,2.55237281837718
4.55501,2.55174859723307
4.55601,2.55112458269373
4.55701,2.55050077468827
4.55801,2.54987717314583
4.55901,2.54925377799552
4.56001,2.54863058916649
4.56101,2.54800760658791
4.56201,2.54738483018886
4.56301,2.54676225989855
4.56401,2.54613989564608
4.56501,2.54551773736062
4.56601,2.54489578497132
4.56701,2.54427403840734
4.56801,2.54365249759785
4.56901,2.543031162472
4.57001,2.54241003295898
4.57101,2.54178910898793
4.57201,2.54116839048804
4.57301,2.54054787738851
4.57401,2.53992756961849
4.57501,2.53930746710718
4.57601,2.53868756978377
4.57701,2.53806787757745
4.57801,2.53744839041742
4.57901,2.53682910823291
4.58001,2.53621003095307
4.58101,2.53559115850717
4.58201,2.53497249082436
4.58301,2.53435402783391
4.58401,2.53373576946503
4.58501,2.53311771564692
4.58601,2.53249986630886
4.58701,2.53188222138002
4.58801,2.5312647807897
4.58901,2.53064754446712
4.59001,2.53003051234153
4.59101,2.52941368434218
4.59201,2.52879706039833
4.59301,2.52818064043923
4.59401,2.52756442439419
4.59501,2.52694841219244
4.59601,2.52633260376328
4.59701,2.52571699903597
4.59801,2.52510159793982
4.59901,2.52448640040411
4.60001,2.52387140635814
4.60101,2.5232566157312
4.60201,2.52264202845263
4.60301,2.5220276444517
4.60401,2.52141346365777
4.60501,2.52079948600012
4.60601,2.52018571140811
4.60701,2.51957213981107
4.60801,2.51895877113832
4.60901,2.51834560531925
4.61001,2.51773264228314
4.61101,2.5171198819594
4.61201,2.51650732427738
4.61301,2.51589496916644
4.61401,2.51528281655596
4.61501,2.51467086637532
4.61601,2.51405911855389
4.61701,2.51344757302106
4.61801,2.51283622970626
4.61901,2.51222508853886
4.62001,2.51161414944829
4.62101,2.51100341236394
4.62201,2.51039287721525
4.62301,2.50978254393163
4.62401,2.50917241244254
4.62501,2.5085624826774
4.62601,2.50795275456566
4.62701,2.50734322803678
4.62801,2.50673390302021
4.62901,2.5061247794454
4.63001,2.50551585724186
4.63101,2.50490713633902
4.63201,2.50429861666642
4.63301,2.50369029815352
4.63401,2.50308218072981
4.63501,2.50247426432481
4.63601,2.50186654886803
4.63701,2.50125903428898
4.63801,2.5006517205172
4.63901,2.50004460748221
4.64001,2.49943769511357
4.64101,2.49883098334079
4.64201,2.49822447209346
4.64301,2.49761816130114
4.64401,2.49701205089337
4.64501,2.49640614079974
4.64601,2.49580043094982
4.64701,2.49519492127324
4.64801,2.49458961169954
4.64901,2.49398450215837
4.65001,2.49337959257934
4.65101,2.49277488289204
4.65201,2.49217037302611
4.65301,2.49156606291119
4.65401,2.49096195247693
4.65501,2.49035804165297
4.65601,2.48975433036896
4.65701,2.48915081855455
4.65801,2.48854750613949
4.65901,2.48794439305337
4.66001,2.48734147922593
4.66101,2.48673876458685
4.66201,2.48613624906584
4.66301,2.48553393259262
4.66401,2.48493181509688
4.66501,2.48432989650839
4.66601,2.48372817675686
4.66701,2.48312665577206
4.66801,2.48252533348372
4.66901,2.4819242098216
4.67001,2.4813232847155
4.67101,2.48072255809518
4.67201,2.4801220298904
4.67301,2.479521700031
4.67401,2.47892156844677
4.67501,2.47832163506752
4.67601,2.47772189982307
4.67701,2.47712236264325
4.67801,2.47652302345789
4.67901,2.47592388219686
4.68001,2.47532493878999
4.68101,2.47472619316717
4.68201,2.47412764525824
4.68301,2.47352929499312
4.68401,2.47293114230169
4.68501,2.47233318711382
4.68601,2.47173542935946
4.68701,2.47113786896852
4.68801,2.47054050587092
4.68901,2.46994333999657
4.69001,2.46934637127547
4.69101,2.46874959963754
4.69201,2.46815302501275
4.69301,2.46755664733108
4.69401,2.46696046652251
4.69501,2.466364482517
4.69601,2.46576869524462
4.69701,2.46517310463532
4.69801,2.46457771061915
4.69901,2.46398251312614
4.70001,2.46338751208632
4.70101,2.46279270742974
4.70201,2.46219809908646
4.70301,2.46160368698656
4.70401,2.46100947106008
4.70501,2.46041545123716
4.70601,2.45982162744787
4.70701,2.45922799962232
4.70801,2.45863456769063
4.70901,2.45804133158291
4.71001,2.45744829122933
4.71101,2.45685544656001
4.71201,2.45626279750513
4.71301,2.45567034399484
4.71401,2.45507808595932
4.71501,2.45448602332876
4.71601,2.45389415603336
4.71701,2.45330248400333
4.71801,2.4527110071689
4.71901,2.45211972546026
4.72001,2.45152863880768
4.72101,2.45093774714139
4.72201,2.45034705039168
4.72301,2.44975654848881
4.72401,2.44916624136303
4.72501,2.44857612894466
4.72601,2.44798621116401
4.72701,2.44739648795135
4.72801,2.44680695923706
4.72901,2.44621762495143
4.73001,2.44562848502483
4.73101,2.44503953938758
4.73201,2.4444507879701
4.73301,2.44386223070272
4.73401,2.44327386751585
4.73501,2.44268569833989
4.73601,2.44209772310522
4.73701,2.44150994174231
4.73801,2.44092235418156
4.73901,2.4403349603534
4.74001,2.43974776018829
4.74101,2.43916075361673
4.74201,2.43857394056917
4.74301,2.43798732097609
4.74401,2.43740089476799
4.74501,2.43681466187539
4.74601,2.4362286222288
4.74701,2.43564277575875
4.74801,2.43505712239579
4.74901,2.4344716620705
4.75001,2.4338863947134
4.75101,2.43330132025508
4.75201,2.43271643862615
4.75301,2.43213174975719
4.75401,2.43154725357883
4.75501,2.43096295002167
4.75601,2.43037883901635
4.75701,2.42979492049354
4.75801,2.42921119438389
4.75901,2.42862766061805
4.76001,2.42804431912671
4.76101,2.42746116984059
4.76201,2.42687821269036
4.76301,2.42629544760675
4.76401,2.4257128745205
4.76501,2.42513049336235
4.76601,2.42454830406302
4.76701,2.42396630655333
4.76801,2.42338450076402
4.76901,2.42280288662588
4.77001,2.42222146406973
4.77101,2.42164023302636
4.77201,2.42105919342662
4.77301,2.42047834520134
4.77401,2.41989768828136
4.77501,2.41931722259756
4.77601,2.41873694808079
4.77701,2.41815686466196
4.77801,2.41757697227196
4.77901,2.41699727084171
4.78001,2.41641776030211
4.78101,2.41583844058413
4.78201,2.41525931161869
4.78301,2.41468037333676
4.78401,2.41410162566932
4.78501,2.41352306854736
4.78601,2.41294470190188
4.78701,2.41236652566388
4.78801,2.41178853976439
4.78901,2.41121074413445
4.79001,2.4106331387051
4.79101,2.41005572340742
4.79201,2.40947849817247
4.79301,2.40890146293135
4.79401,2.40832461761515
4.79501,2.40774796215499
4.79601,2.40717149648199
4.79701,2.4065952205273
4.79801,2.40601913422209
4.79901,2.40544323749749
4.80001,2.40486753028469
4.80101,2.40429201251489
4.80201,2.4037166841193
4.80301,2.40314154502913
4.80401,2.40256659517561
4.80501,2.40199183448998
4.80601,2.40141726290351
4.80701,2.40084288034746
4.80801,2.40026868675312
4.80901,2.3996946820518
4.81001,2.39912086617479
4.81101,2.39854723905342
4.81201,2.39797380061903
4.81301,2.39740055080298
4.81401,2.39682748953661
4.81501,2.39625461675133
4.81601,2.39568193237851
4.81701,2.39510943634957
4.81801,2.39453712859591
4.81901,2.39396500904897
4.82001,2.39339307764021
4.82101,2.39282133430106
4.82201,2.39224977896303
4.82301,2.39167841155757
4.82401,2.39110723201623
4.82501,2.39053624027046
4.82601,2.38996543625184
4.82701,2.38939481989189
4.82801,2.38882439112217
4.82901,2.38825414987425
4.83001,2.38768409607971
4.83101,2.38711422967014
4.83201,2.38654455057716
4.83301,2.38597505873243
4.83401,2.38540575406753
4.83501,2.38483663651415
4.83601,2.38426770600396
4.83701,2.38369896246861
4.83801,2.38313040583983
4.83901,2.38256203604933
4.84001,2.38199385302879
4.84101,2.38142585670999
4.84201,2.38085804702469
4.84301,2.38029042390461
4.84401,2.37972298728159
4.84501,2.37915573708738
4.84601,2.37858867325382
4.84701,2.3780217957127
4.84801,2.37745510439589
4.84901,2.37688859923524
4.85001,2.37632228016258
4.85101,2.37575614710986
4.85201,2.37519020000891
4.85301,2.37462443879169
4.85401,2.37405886339009
4.85501,2.37349347373606
4.85601,2.37292826976157
4.85701,2.37236325139858
4.85801,2.37179841857907
4.85901,2.37123377123503
4.86001,2.37066930929851
4.86101,2.37010503270149
4.86201,2.36954094137605
4.86301,2.36897703525423
4.86401,2.3684133142681
4.86501,2.36784977834975
4.86601,2.3672864274313
4.86701,2.36672326144485
4.86801,2.36616028032254
4.86901,2.36559748399649
4.87001,2.3650348723989
4.87101,2.36447244546193
4.87201,2.36391020311775
4.87301,2.36334814529861
4.87401,2.36278627193671
4.87501,2.36222458296427
4.87601,2.36166307831358
4.87701,2.36110175791688
4.87801,2.36054062170646
4.87901,2.3599796696146
4.88001,2.35941890157363
4.88101,2.35885831751588
4.88201,2.3582979173737
4.88301,2.35773770107942
4.88401,2.35717766856545
4.88501,2.35661781976416
4.88601,2.35605815460796
4.88701,2.35549867302925
4.88801,2.35493937496048
4.88901,2.3543802603341
4.89001,2.35382132908259
4.89101,2.3532625811384
4.89201,2.35270401643405
4.89301,2.35214563490205
4.89401,2.35158743647492
4.89501,2.35102942108522
4.89601,2.35047158866548
4.89701,2.3499139391483
4.89801,2.34935647246626
4.89901,2.34879918855196
4.90001,2.34824208733804
4.90101,2.34768516875713
4.90201,2.34712843274187
4.90301,2.34657187922495
4.90401,2.34601550813903
4.90501,2.3454593194168
4.90601,2.34490331299103
4.90701,2.34434748879441
4.90801,2.3437918467597
4.90901,2.34323638681968
4.91001,2.34268110890708
4.91101,2.34212601295474
4.91201,2.34157109889545
4.91301,2.34101636666205
4.91401,2.34046181618737
4.91501,2.33990744740427
4.91601,2.33935326024564
4.91701,2.33879925464436
4.91801,2.33824543053334
4.91901,2.33769178784551
4.92001,2.3371383265138
4.92101,2.33658504647115
4.92201,2.33603194765057
4.92301,2.335479029985
4.92401,2.3349262934075
4.92501,2.33437373785105
4.92601,2.33382136324869
4.92701,2.33326916953349
4.92801,2.3327171566385
4.92901,2.33216532449682
4.93001,2.33161367304155
4.93101,2.3310622022058
4.93201,2.3305109119227
4.93301,2.32995980212542
4.93401,2.3294088727471
4.93501,2.32885812372095
4.93601,2.32830755498014
4.93701,2.32775716645793
4.93801,2.32720695808751
4.93901,2.32665692980214
4.94001,2.3261070815351
4.94101,2.32555741321967
4.94201,2.32500792478913
4.94301,2.32445861617684
4.94401,2.32390948731605
4.94501,2.32336053814018
4.94601,2.32281176858259
4.94701,2.32226317857662
4.94801,2.32171476805571
4.94901,2.32116653695325
4.95001,2.32061848520269
4.95101,2.32007061273746
4.95201,2.31952291949105
4.95301,2.3189754053969
4.95401,2.31842807038856
4.95501,2.31788091439952
4.95601,2.3173339373633
4.95701,2.31678713921347
4.95801,2.31624051988359
4.95901,2.31569407930724
4.96001,2.31514781741802
4.96101,2.31460173414954
4.96201,2.31405582943546
4.96301,2.31351010320941
4.96401,2.31296455540507
4.96501,2.3124191859561
4.96601,2.31187399479622
4.96701,2.31132898185914
4.96801,2.31078414707863
4.96901,2.31023949038839
4.97001,2.30969501172223
4.97101,2.3091507110139
4.97201,2.30860658819725
4.97301,2.30806264320607
4.97401,2.3075188759742
4.97501,2.30697528643552
4.97601,2.30643187452386
4.97701,2.30588864017314
4.97801,2.30534558331727
4.97901,2.30480270389017
4.98001,2.30426000182577
4.98101,2.30371747705803
4.98201,2.30317512952095
4.98301,2.30263295914849
4.98401,2.30209096587469
4.98501,2.30154914963355
4.98601,2.30100751035915
4.98701,2.30046604798551
4.98801,2.29992476244676
4.98901,2.29938365367696
4.99001,2.29884272161024
4.99101,2.29830196618072
4.99201,2.29776138732258
4.99301,2.29722098496996
4.99401,2.29668075905705
4.99501,2.29614070951806
4.99601,2.2956008362872
4.99701,2.29506113929871
4.99801,2.29452161848686
4.99901,2.29398227378591
